URL,Title,Price,Rating,Processor,RAM,Memory Speed,Storage,GPU,GPU RAM Size
https://www.amazon.com/ASUS-Display-GeForce-Windows-FA507XI-EH94/dp/B0CJS1RQ2W/ref=sr_1_3?dib=eyJ2IjoiMSJ9.3WUDP5ip0ctKV76kA1Y9xuYHYv4IKWGcoqUPZ9KwGC35IDNXVlX3SPMmjMrTVWfwuHtd_9luE7kHp1jsTYehi4ov5ymDgY4c4QqMyejvBJMQ5Lrqjdrm-K1MYeXI_FtmbbKDr0BU_AaHxBGNgCPOKZkGIkbuaF9ThLqr6ebCcQNi3Kr4WBbYF5K_CE1F5wobeZFHpYx9Tze6tt2IZq4_MchQF157G-LUD5ywMdW-mBc.ne1B7y7i2T1gz_EzNNR9abIRTDLUPBo6ZVu-ol1qgv0&dib_tag=se&keywords=gaming+laptops&qid=1723289877&sr=8-3,"ASUS TUF Gaming A15 (2023) Gaming Laptop, 15.6” FHD 144Hz Display, GeForce RTX 4070, AMD Ryzen 7 7940HS, 16GB DDR5, 1TB PCIe SSD, Wi-Fi 6, Windows 11, FA507XI-EH94(Mecha Gray)","ASUS TUF Gaming A15 (2023) Gaming Laptop, 15.6” FHD 144Hz Display, GeForce RTX 4070, AMD Ryzen 7 7940HS, 16GB DDR5, 1TB PCIe SSD, Wi-Fi 6, Windows 11, FA507XI-EH94(Mecha Gray)",4.4 out of 5 stars,5.2 GHz ryzen_9,4 DDR5,4800 MHz,1 TB SSD,NVIDIA GeForce RTX 4070,8 GB
https://www.amazon.com/MSI-Raider-GE76-Gaming-Laptop/dp/B0BXYDMPKD/ref=sr_1_2?dib=eyJ2IjoiMSJ9.3WUDP5ip0ctKV76kA1Y9xuYHYv4IKWGcoqUPZ9KwGC35IDNXVlX3SPMmjMrTVWfwuHtd_9luE7kHp1jsTYehi4ov5ymDgY4c4QqMyejvBJMQ5Lrqjdrm-K1MYeXI_FtmbbKDr0BU_AaHxBGNgCPOKZkGIkbuaF9ThLqr6ebCcQNi3Kr4WBbYF5K_CE1F5wobeZFHpYx9Tze6tt2IZq4_MchQF157G-LUD5ywMdW-mBc.ne1B7y7i2T1gz_EzNNR9abIRTDLUPBo6ZVu-ol1qgv0&dib_tag=se&keywords=gaming+laptops&qid=1723289877&sr=8-2,"MSI Raider GE76 Gaming Laptop: Intel Core i9-12900H, GeForce RTX 3060, 17.3"" 144Hz FHD Display,16GB DDR5, 1TB NVMe SSD, Thunderbolt 4, Cooler Boost 5, Win 11 Home: Titanium Blue 12UE-871","MSI Raider GE76 Gaming Laptop: Intel Core i9-12900H, GeForce RTX 3060, 17.3"" 144Hz FHD Display,16GB DDR5, 1TB NVMe SSD, Thunderbolt 4, Cooler Boost 5, Win 11 Home: Titanium Blue 12UE-871",4.3 out of 5 stars,1.8 GHz core_i9,16 GB DDR5, ,1 TB SSD,NVIDIA GeForce RTX 3060,6 GB
https://www.amazon.com/ASUS-Display-i5-11400H-Processor-FX506HF-ES51/dp/B0BWHJQMKH/ref=sr_1_4?dib=eyJ2IjoiMSJ9.3WUDP5ip0ctKV76kA1Y9xuYHYv4IKWGcoqUPZ9KwGC35IDNXVlX3SPMmjMrTVWfwuHtd_9luE7kHp1jsTYehi4ov5ymDgY4c4QqMyejvBJMQ5Lrqjdrm-K1MYeXI_FtmbbKDr0BU_AaHxBGNgCPOKZkGIkbuaF9ThLqr6ebCcQNi3Kr4WBbYF5K_CE1F5wobeZFHpYx9Tze6tt2IZq4_MchQF157G-LUD5ywMdW-mBc.ne1B7y7i2T1gz_EzNNR9abIRTDLUPBo6ZVu-ol1qgv0&dib_tag=se&keywords=gaming+laptops&qid=1723289877&sr=8-4,"ASUS TUF Gaming F15 Gaming Laptop, 15.6” 144Hz FHD Display, Intel Core i5-11400H Processor, GeForce RTX 2050, 8GB DDR4 RAM, 512GB PCIe SSD Gen 3, Wi-Fi 6, Windows 11, FX506HF-ES51,Graphite Black","ASUS TUF Gaming F15 Gaming Laptop, 15.6” 144Hz FHD Display, Intel Core i5-11400H Processor, GeForce RTX 2050, 8GB DDR4 RAM, 512GB PCIe SSD Gen 3, Wi-Fi 6, Windows 11, FX506HF-ES51,Graphite Black",4.4 out of 5 stars,4.5 GHz core_i5,8 GB DDR4,3200 MHz,512 GB SSD,NVIDIA GeForce RTX 2050,4 GB
https://www.amazon.com/MSI-Katana-144Hz-Gaming-Laptop/dp/B0CXVGSY2H/ref=sr_1_1?dib=eyJ2IjoiMSJ9.3WUDP5ip0ctKV76kA1Y9xuYHYv4IKWGcoqUPZ9KwGC35IDNXVlX3SPMmjMrTVWfwuHtd_9luE7kHp1jsTYehi4ov5ymDgY4c4QqMyejvBJMQ5Lrqjdrm-K1MYeXI_FtmbbKDr0BU_AaHxBGNgCPOKZkGIkbuaF9ThLqr6ebCcQNi3Kr4WBbYF5K_CE1F5wobeZFHpYx9Tze6tt2IZq4_MchQF157G-LUD5ywMdW-mBc.ne1B7y7i2T1gz_EzNNR9abIRTDLUPBo6ZVu-ol1qgv0&dib_tag=se&keywords=gaming+laptops&qid=1723289877&sr=8-1,"MSI Katana A15 AI 15.6” 144Hz FHD Gaming Laptop: Ryzen 7-8845HS, NVIDIA Geforce RTX 4060, 32GB DDR5, 1TB NVMe SSD, Cooler Boost 5, Win 11: Black B8VF-448US",Amazon's Choice: Overall Pick,4.4 out of 5 stars,3.8 GHz amd_ryzen_7,32 GB DDR5, ,1 TB SSD,NVIDIA GeForce RTX 4060,8 GB
https://www.amazon.com/ASUS-Gaming-Laptop-Nebula-Display/dp/B0CRCVJFQM/ref=sr_1_6?dib=eyJ2IjoiMSJ9.3WUDP5ip0ctKV76kA1Y9xuYHYv4IKWGcoqUPZ9KwGC35IDNXVlX3SPMmjMrTVWfwuHtd_9luE7kHp1jsTYehi4ov5ymDgY4c4QqMyejvBJMQ5Lrqjdrm-K1MYeXI_FtmbbKDr0BU_AaHxBGNgCPOKZkGIkbuaF9ThLqr6ebCcQNi3Kr4WBbYF5K_CE1F5wobeZFHpYx9Tze6tt2IZq4_MchQF157G-LUD5ywMdW-mBc.ne1B7y7i2T1gz_EzNNR9abIRTDLUPBo6ZVu-ol1qgv0&dib_tag=se&keywords=gaming+laptops&qid=1723289877&sr=8-6,"ASUS ROG Strix G16 (2024) Gaming Laptop, 16” ROG Nebula Display 16:10 QHD 240Hz, NVIDIA® GeForce RTX™ 4070, Intel® Core™ i9-14900HX, 16GB DDR5-5600, 1TB PCIe Gen4 SSD, Wi-Fi 6E, Win 11, G614JIR-AS94","ASUS ROG Strix G16 (2024) Gaming Laptop, 16” ROG Nebula Display 16:10 QHD 240Hz, NVIDIA® GeForce RTX™ 4070, Intel® Core™ i9-14900HX, 16GB DDR5-5600, 1TB PCIe Gen4 SSD, Wi-Fi 6E, Win 11, G614JIR-AS94",4.2 out of 5 stars,4 GHz core_i9,16 GB DDR5,5600 MHz,1 TB SSD,NVIDIA GeForce RTX 4070,8 GB
https://www.amazon.com/Asus-G713RC-RS73-17-3inches-Ryzen7-6800h-3-2ghz/dp/B0B2HV382D/ref=sr_1_8?dib=eyJ2IjoiMSJ9.3WUDP5ip0ctKV76kA1Y9xuYHYv4IKWGcoqUPZ9KwGC35IDNXVlX3SPMmjMrTVWfwuHtd_9luE7kHp1jsTYehi4ov5ymDgY4c4QqMyejvBJMQ5Lrqjdrm-K1MYeXI_FtmbbKDr0BU_AaHxBGNgCPOKZkGIkbuaF9ThLqr6ebCcQNi3Kr4WBbYF5K_CE1F5wobeZFHpYx9Tze6tt2IZq4_MchQF157G-LUD5ywMdW-mBc.ne1B7y7i2T1gz_EzNNR9abIRTDLUPBo6ZVu-ol1qgv0&dib_tag=se&keywords=gaming+laptops&qid=1723289877&sr=8-8,"ASUS ROG Strix G17 (2022) Gaming Laptop, 17.3” 144Hz IPS FHD Display, NVIDIA GeForce RTX 3050 GPU, AMD Ryzen 7 6800H Processor, 16GB DDR5 RAM, 512GB SSD, RGB Keyboard, Windows 11, G713RC-RS73","ASUS ROG Strix G17 (2022) Gaming Laptop, 17.3” 144Hz IPS FHD Display, NVIDIA GeForce RTX 3050 GPU, AMD Ryzen 7 6800H Processor, 16GB DDR5 RAM, 512GB SSD, RGB Keyboard, Windows 11, G713RC-RS73",4.2 out of 5 stars,4.7 GHz ryzen_7,16 GB DDR5,3.2 GHz,512 GB SSD,NVIDIA GeForce RTX 3050,16 GB
https://www.amazon.com/MSI-Katana-144Hz-Gaming-Laptop/dp/B0BT3FKZ3N/ref=sr_1_5?dib=eyJ2IjoiMSJ9.3WUDP5ip0ctKV76kA1Y9xuYHYv4IKWGcoqUPZ9KwGC35IDNXVlX3SPMmjMrTVWfwuHtd_9luE7kHp1jsTYehi4ov5ymDgY4c4QqMyejvBJMQ5Lrqjdrm-K1MYeXI_FtmbbKDr0BU_AaHxBGNgCPOKZkGIkbuaF9ThLqr6ebCcQNi3Kr4WBbYF5K_CE1F5wobeZFHpYx9Tze6tt2IZq4_MchQF157G-LUD5ywMdW-mBc.ne1B7y7i2T1gz_EzNNR9abIRTDLUPBo6ZVu-ol1qgv0&dib_tag=se&keywords=gaming+laptops&qid=1723289877&sr=8-5,"MSI Katana 15 15.6"" 144Hz FHD Gaming Laptop: 13th Gen Intel Core i7, RTX 4070, 16GB DDR5, 1TB NVMe SSD, USB-Type C, Cooler Boost 5, Win11 Home: Black B13VGK-484US","MSI Katana 15 15.6"" 144Hz FHD Gaming Laptop: 13th Gen Intel Core i7, RTX 4070, 16GB DDR5, 1TB NVMe SSD, USB-Type C, Cooler Boost 5, Win11 Home: Black B13VGK-484US",4.3 out of 5 stars,2.4 GHz core_i7,16 GB DDR5,2400 MHz,1 TB SSD,NVIDIA GeForce RTX 4070, 
https://www.amazon.com/MSI-Thin-144Hz-Gaming-Laptop/dp/B0BT3CD75G/ref=sr_1_7?dib=eyJ2IjoiMSJ9.3WUDP5ip0ctKV76kA1Y9xuYHYv4IKWGcoqUPZ9KwGC35IDNXVlX3SPMmjMrTVWfwuHtd_9luE7kHp1jsTYehi4ov5ymDgY4c4QqMyejvBJMQ5Lrqjdrm-K1MYeXI_FtmbbKDr0BU_AaHxBGNgCPOKZkGIkbuaF9ThLqr6ebCcQNi3Kr4WBbYF5K_CE1F5wobeZFHpYx9Tze6tt2IZq4_MchQF157G-LUD5ywMdW-mBc.ne1B7y7i2T1gz_EzNNR9abIRTDLUPBo6ZVu-ol1qgv0&dib_tag=se&keywords=gaming+laptops&qid=1723289877&sr=8-7,"MSI Thin GF63 15.6"" 144Hz Gaming Laptop: 12th Gen Intel Core i7, NVIDIA GeForce RTX 4050, 16GB DDR4, 512GB NVMe SSD, Type-C, Cooler Boost 5, Win11 Home: Black 12VE-066US","MSI Thin GF63 15.6"" 144Hz Gaming Laptop: 12th Gen Intel Core i7, NVIDIA GeForce RTX 4050, 16GB DDR4, 512GB NVMe SSD, Type-C, Cooler Boost 5, Win11 Home: Black 12VE-066US",4.3 out of 5 stars,1.7 GHz core_i7,16 GB DDR4, ,512 GB SSD,NVIDIA GeForce RTX 4050, 
https://www.amazon.com/ASUS-Display-i7-12650H-Thunderbolt-FX517ZM-AS73/dp/B09RMH9B6F/ref=sr_1_9?dib=eyJ2IjoiMSJ9.3WUDP5ip0ctKV76kA1Y9xuYHYv4IKWGcoqUPZ9KwGC35IDNXVlX3SPMmjMrTVWfwuHtd_9luE7kHp1jsTYehi4ov5ymDgY4c4QqMyejvBJMQ5Lrqjdrm-K1MYeXI_FtmbbKDr0BU_AaHxBGNgCPOKZkGIkbuaF9ThLqr6ebCcQNi3Kr4WBbYF5K_CE1F5wobeZFHpYx9Tze6tt2IZq4_MchQF157G-LUD5ywMdW-mBc.ne1B7y7i2T1gz_EzNNR9abIRTDLUPBo6ZVu-ol1qgv0&dib_tag=se&keywords=gaming+laptops&qid=1723289877&sr=8-9,"ASUS TUF Dash 15 (2022) Gaming Laptop, 15.6"" 144Hz FHD Display, Intel Core i7-12650H, GeForce RTX 3060, 16GB DDR5, 512GB SSD, Thunderbolt 4, Windows 11 Home, Off Black, FX517ZM-AS73","ASUS TUF Dash 15 (2022) Gaming Laptop, 15.6"" 144Hz FHD Display, Intel Core i7-12650H, GeForce RTX 3060, 16GB DDR5, 512GB SSD, Thunderbolt 4, Windows 11 Home, Off Black, FX517ZM-AS73",4.5 out of 5 stars,3.5 GHz core_i7,16 GB DDR5,4800 MHz,512 GB SSD,NVIDIA GeForce RTX 3060,6 GB
https://www.amazon.com/ASUS-Premium-i7-13700H-GeForce-Backlit/dp/B0D5P3SG53/ref=sr_1_11?dib=eyJ2IjoiMSJ9.3WUDP5ip0ctKV76kA1Y9xuYHYv4IKWGcoqUPZ9KwGC35IDNXVlX3SPMmjMrTVWfwuHtd_9luE7kHp1jsTYehi4ov5ymDgY4c4QqMyejvBJMQ5Lrqjdrm-K1MYeXI_FtmbbKDr0BU_AaHxBGNgCPOKZkGIkbuaF9ThLqr6ebCcQNi3Kr4WBbYF5K_CE1F5wobeZFHpYx9Tze6tt2IZq4_MchQF157G-LUD5ywMdW-mBc.ne1B7y7i2T1gz_EzNNR9abIRTDLUPBo6ZVu-ol1qgv0&dib_tag=se&keywords=gaming+laptops&qid=1723289877&sr=8-11,"ASUS TUF 16"" Ryzen 7 Premium Gaming Laptop, 16"" FHD+ 165Hz, AMD Ryzen 7 7735HS (Beats Intel i7-13700H), AMD Radeon RX 7700S (Beats GeForce RTX 4060), 64GB DDR5 RAM, 4TB SSD, RGB Backlit KB, W11 Pro","ASUS TUF 16"" Ryzen 7 Premium Gaming Laptop, 16"" FHD+ 165Hz, AMD Ryzen 7 7735HS (Beats Intel i7-13700H), AMD Radeon RX 7700S (Beats GeForce RTX 4060), 64GB DDR5 RAM, 4TB SSD, RGB Backlit KB, W11 Pro",3.9 out of 5 stars,4.8 GHz ryzen_7,64 GB DDR5,4800 MHz,4 TB SSD,AMD Radeon RX 7700S, 
https://www.amazon.com/MSI-Raider-GE68HX-MiniLED-Gaming/dp/B0CQBL6RJ6/ref=sr_1_12?dib=eyJ2IjoiMSJ9.3WUDP5ip0ctKV76kA1Y9xuYHYv4IKWGcoqUPZ9KwGC35IDNXVlX3SPMmjMrTVWfwuHtd_9luE7kHp1jsTYehi4ov5ymDgY4c4QqMyejvBJMQ5Lrqjdrm-K1MYeXI_FtmbbKDr0BU_AaHxBGNgCPOKZkGIkbuaF9ThLqr6ebCcQNi3Kr4WBbYF5K_CE1F5wobeZFHpYx9Tze6tt2IZq4_MchQF157G-LUD5ywMdW-mBc.ne1B7y7i2T1gz_EzNNR9abIRTDLUPBo6ZVu-ol1qgv0&dib_tag=se&keywords=gaming+laptops&qid=1723289877&sr=8-12,"MSI Raider GE68HX 16” 144Hz MiniLED UHD+ Gaming Laptop: Intel Core i9-14900HX, NVIDIA Geforce RTX 4070, 32GB DDR5, 2TB NVMe SSD, Thunderbolt 4, Cooler Boost 5, Win 11 Home: Black 14VGG-247US","MSI Raider GE68HX 16” 144Hz MiniLED UHD+ Gaming Laptop: Intel Core i9-14900HX, NVIDIA Geforce RTX 4070, 32GB DDR5, 2TB NVMe SSD, Thunderbolt 4, Cooler Boost 5, Win 11 Home: Black 14VGG-247US",3.6 out of 5 stars,1.6 GHz intel_core_i9,32 GB DDR5, ,2 TB SSD,NVIDIA GeForce RTX 4070,8 GB
https://www.amazon.com/Alienware-m18-AMD-Gaming-Laptop/dp/B0CDCJRB35/ref=sr_1_13?dib=eyJ2IjoiMSJ9.3WUDP5ip0ctKV76kA1Y9xuYHYv4IKWGcoqUPZ9KwGC35IDNXVlX3SPMmjMrTVWfwuHtd_9luE7kHp1jsTYehi4ov5ymDgY4c4QqMyejvBJMQ5Lrqjdrm-K1MYeXI_FtmbbKDr0BU_AaHxBGNgCPOKZkGIkbuaF9ThLqr6ebCcQNi3Kr4WBbYF5K_CE1F5wobeZFHpYx9Tze6tt2IZq4_MchQF157G-LUD5ywMdW-mBc.ne1B7y7i2T1gz_EzNNR9abIRTDLUPBo6ZVu-ol1qgv0&dib_tag=se&keywords=gaming+laptops&qid=1723289877&sr=8-13,"Alienware m18 AMD Gaming Laptop - 18-inch FHD+ (1920 x 1200) 480Hz 3ms Display, AMD Ryzen 9-7845HX, 32GB DDR5 RAM, 1TB SSD, NVIDIA GeForce RTX 4080 GDDR6, 1-Year Premium Support - Dark Metallic Moon","Alienware m18 AMD Gaming Laptop - 18-inch FHD+ (1920 x 1200) 480Hz 3ms Display, AMD Ryzen 9-7845HX, 32GB DDR5 RAM, 1TB SSD, NVIDIA GeForce RTX 4080 GDDR6, 1-Year Premium Support - Dark Metallic Moon",3.7 out of 5 stars,5.2 GHz ryzen_9,32 GB DDR5,4800 MHz,1 TB SSD,NVIDIA GeForce RTX 4080,12 GB
https://www.amazon.com/Lenovo-LOQ-Premium-i7-13650HX-i9-12900H/dp/B0D67J6QVT/ref=sr_1_16?dib=eyJ2IjoiMSJ9.3WUDP5ip0ctKV76kA1Y9xuYHYv4IKWGcoqUPZ9KwGC35IDNXVlX3SPMmjMrTVWfwuHtd_9luE7kHp1jsTYehi4ov5ymDgY4c4QqMyejvBJMQ5Lrqjdrm-K1MYeXI_FtmbbKDr0BU_AaHxBGNgCPOKZkGIkbuaF9ThLqr6ebCcQNi3Kr4WBbYF5K_CE1F5wobeZFHpYx9Tze6tt2IZq4_MchQF157G-LUD5ywMdW-mBc.ne1B7y7i2T1gz_EzNNR9abIRTDLUPBo6ZVu-ol1qgv0&dib_tag=se&keywords=gaming+laptops&qid=1723289877&sr=8-16,"Lenovo LOQ i7 Premium Gaming Laptop, 15.6"" FHD 144Hz, i7-13650HX (Beats i9-12900H), GeForce RTX 4060 (Boost Clock 2370MHz), 64GB DDR5 RAM, 2TB SSD, Backlit KB, RJ-45, Wi-Fi 6, Windows 11 Pro, Grey","Lenovo LOQ i7 Premium Gaming Laptop, 15.6"" FHD 144Hz, i7-13650HX (Beats i9-12900H), GeForce RTX 4060 (Boost Clock 2370MHz), 64GB DDR5 RAM, 2TB SSD, Backlit KB, RJ-45, Wi-Fi 6, Windows 11 Pro, Grey",5.0 out of 5 stars,4.9 GHz core_i7_family,64 GB,4800 MHz,2 TB SSD,NVIDIA GeForce RTX 4060, 
https://www.amazon.com/Alienware-X16-Gaming-Laptop-i9-13900HK/dp/B0C3FBFCNG/ref=mp_s_a_1_16?dib=eyJ2IjoiMSJ9.9rHDwnisHjc3KGENNN9yO_yxj6RGC7ZXQRN2_B1HswNSpo_1TqpUvYOnPMiA_gngJlmz6Be1XkgCsG2--9PKK4Ff-YNiGdZfryIzqDFpdibvi_GsTdjNh6HUhyt8gdBJerMF-r6txWYhHFdtLY8RhOHZIPzqcEVTDnJntR8B4NzzZJLZctfX5mnHEivYdP-cwQQ_b1v6nK54nbAVs8TZPQ.ogSyFmbS76gBRWKlf6W6lVnQNH-nEkLAaCpwr4eRb8o&dib_tag=se&keywords=gaming+laptops&qid=1723289881&sr=8-16,N/A,"Alienware X16 R1 Gaming Laptop - 16-inch QHD+ 240Hz Display, Intel Core i9-13900HK, 32GB LPDDR5 RAM, 1TB SSD, NVIDIA GeForce RTX 4080 12GB GDDR6, Windows 11 Home - Lunar Silver",3.9 out of 5 stars,5.4 GHz core_i9,32 GB LPDDR5,6000 MHz,1 TB SSD,NVIDIA GeForce RTX 4080,12 GB
https://www.amazon.com/Lenovo-LOQ-Premium-i7-13650HX-i9-12900H/dp/B0D67J6QVT/ref=mp_s_a_1_17?dib=eyJ2IjoiMSJ9.9rHDwnisHjc3KGENNN9yO_yxj6RGC7ZXQRN2_B1HswNSpo_1TqpUvYOnPMiA_gngJlmz6Be1XkgCsG2--9PKK4Ff-YNiGdZfryIzqDFpdibvi_GsTdjNh6HUhyt8gdBJerMF-r6txWYhHFdtLY8RhOHZIPzqcEVTDnJntR8B4NzzZJLZctfX5mnHEivYdP-cwQQ_b1v6nK54nbAVs8TZPQ.ogSyFmbS76gBRWKlf6W6lVnQNH-nEkLAaCpwr4eRb8o&dib_tag=se&keywords=gaming+laptops&qid=1723289881&sr=8-17,N/A,"Lenovo LOQ i7 Premium Gaming Laptop, 15.6"" FHD 144Hz, i7-13650HX (Beats i9-12900H), GeForce RTX 4060 (Boost Clock 2370MHz), 64GB DDR5 RAM, 2TB SSD, Backlit KB, RJ-45, Wi-Fi 6, Windows 11 Pro, Grey",5.0 out of 5 stars,4.9 GHz core_i7_family,64 GB,4800 MHz,2 TB SSD,NVIDIA GeForce RTX 4060, 
https://www.amazon.com/ASUS-IPS-Type-i5-11400H-Processor-FX706HCB-ES51/dp/B09SVQY3PF/ref=mp_s_a_1_18?dib=eyJ2IjoiMSJ9.9rHDwnisHjc3KGENNN9yO_yxj6RGC7ZXQRN2_B1HswNSpo_1TqpUvYOnPMiA_gngJlmz6Be1XkgCsG2--9PKK4Ff-YNiGdZfryIzqDFpdibvi_GsTdjNh6HUhyt8gdBJerMF-r6txWYhHFdtLY8RhOHZIPzqcEVTDnJntR8B4NzzZJLZctfX5mnHEivYdP-cwQQ_b1v6nK54nbAVs8TZPQ.ogSyFmbS76gBRWKlf6W6lVnQNH-nEkLAaCpwr4eRb8o&dib_tag=se&keywords=gaming+laptops&qid=1723289881&sr=8-18,N/A,"ASUS TUF F17 Gaming Laptop, 17.3"" 144Hz FHD IPS-Type Display, Intel Core i5-11400H Processor, GeForce RTX 3050, 8GB DDR4 RAM, 512GB PCIe SSD, Wi-Fi 6, Windows 11 Home, FX706HCB-ES51,Graphite Black",4.5 out of 5 stars,4.5 core_i5,8 GB DDR4,4.5 GHz,512 GB M.2 NVMe PCIe 3.0 SSD,NVIDIA GeForce RTX 3050,4 GB
https://www.amazon.com/Victus-i5-12450H-GeForce-Backlit-Keyboard/dp/B0BY47SWLV/ref=mp_s_a_1_20?dib=eyJ2IjoiMSJ9.9rHDwnisHjc3KGENNN9yO_yxj6RGC7ZXQRN2_B1HswNSpo_1TqpUvYOnPMiA_gngJlmz6Be1XkgCsG2--9PKK4Ff-YNiGdZfryIzqDFpdibvi_GsTdjNh6HUhyt8gdBJerMF-r6txWYhHFdtLY8RhOHZIPzqcEVTDnJntR8B4NzzZJLZctfX5mnHEivYdP-cwQQ_b1v6nK54nbAVs8TZPQ.ogSyFmbS76gBRWKlf6W6lVnQNH-nEkLAaCpwr4eRb8o&dib_tag=se&keywords=gaming+laptops&qid=1723289881&sr=8-20,N/A,"HP Victus 15 Gaming Laptop (15.6"" FHD 144Hz IPS, AMD Ryzen 5 7535HS, 32GB DDR5 RAM, 2TB PCle SSD, NVIDIA GeForce RTX 2050 4GB, (6-Core Beat i7-11800H)) Backlit KB, Wi-Fi 6, Webcam, Win 11 Home, 2024",4.2 out of 5 stars,2 GHz ryzen_5,32 GB DDR5,4800 MHz,2 TB SSD,NVIDIA GeForce RTX 2050,4.00
https://www.amazon.com/ASUS-Display-GeForce-Keyboard-G533ZW-AS94Q/dp/B0BDTVSXS9/ref=mp_s_a_1_21?dib=eyJ2IjoiMSJ9.9rHDwnisHjc3KGENNN9yO_yxj6RGC7ZXQRN2_B1HswNSpo_1TqpUvYOnPMiA_gngJlmz6Be1XkgCsG2--9PKK4Ff-YNiGdZfryIzqDFpdibvi_GsTdjNh6HUhyt8gdBJerMF-r6txWYhHFdtLY8RhOHZIPzqcEVTDnJntR8B4NzzZJLZctfX5mnHEivYdP-cwQQ_b1v6nK54nbAVs8TZPQ.ogSyFmbS76gBRWKlf6W6lVnQNH-nEkLAaCpwr4eRb8o&dib_tag=se&keywords=gaming+laptops&qid=1723289881&sr=8-21,N/A,"ASUS ROG Strix Scar 15 Gaming Laptop, 15.6” 240Hz IPS QHD Display, NVIDIA GeForce RTX 3070 Ti, Intel Core i9 12900H, 16GB DDR5, 1TB SSD, Per-Key RGB Keyboard, Windows 11 Home, G533ZW-AS94Q,Black",4.3 out of 5 stars,5 GHz core_i9,16 GB DDR5,4800 MHz,1 TB SSD,NVIDIA GeForce RTX 3070 Ti,8 GB
https://www.amazon.com/ASUS-Gaming-Laptop-Tablet-Display/dp/B0BWHK29QK/ref=mp_s_a_1_22?dib=eyJ2IjoiMSJ9.9rHDwnisHjc3KGENNN9yO_yxj6RGC7ZXQRN2_B1HswNSpo_1TqpUvYOnPMiA_gngJlmz6Be1XkgCsG2--9PKK4Ff-YNiGdZfryIzqDFpdibvi_GsTdjNh6HUhyt8gdBJerMF-r6txWYhHFdtLY8RhOHZIPzqcEVTDnJntR8B4NzzZJLZctfX5mnHEivYdP-cwQQ_b1v6nK54nbAVs8TZPQ.ogSyFmbS76gBRWKlf6W6lVnQNH-nEkLAaCpwr4eRb8o&dib_tag=se&keywords=gaming+laptops&qid=1723289881&sr=8-22,N/A,"ASUS ROG Flow Z13 (2023) Gaming Laptop Tablet, 13.4” Nebula Display 16:10 QHD 165Hz, GeForce RTX 4050, Intel Core i9-13900H, 16GB LPDDR5, 1TB PCIe SSD, Wi-Fi 6E, Windows 11, GZ301VU-DS94,Black",4.5 out of 5 stars,5.4 GHz core_i9,16 GB LPDDR5,2400 MHz,1 TB SSD,NVIDIA GeForce RTX 4050,16 GB
https://www.amazon.com/Acer-Chromebook-516-GE-i5-1240P/dp/B0C42WYCJ9/ref=mp_s_a_1_28?dib=eyJ2IjoiMSJ9.9rHDwnisHjc3KGENNN9yO_yxj6RGC7ZXQRN2_B1HswNSpo_1TqpUvYOnPMiA_gngJlmz6Be1XkgCsG2--9PKK4Ff-YNiGdZfryIzqDFpdibvi_GsTdjNh6HUhyt8gdBJerMF-r6txWYhHFdtLY8RhOHZIPzqcEVTDnJntR8B4NzzZJLZctfX5mnHEivYdP-cwQQ_b1v6nK54nbAVs8TZPQ.ogSyFmbS76gBRWKlf6W6lVnQNH-nEkLAaCpwr4eRb8o&dib_tag=se&keywords=gaming+laptops&qid=1723289881&sr=8-28,N/A,"Acer Chromebook 516 GE 16'' QHD (Intel 12th Gen Core i5-1240P, 8GB RAM, 256GB PCIe SSD, RGB Backlit) Cloud Gaming & Business Laptop, WiFi 6E, RJ45, FHD, IST Cable, Chrome OS - 2023, Titanium Gray",4.2 out of 5 stars,1.2 GHz apple_ci5,8 GB LPDDR4X,4266 MHz,256 GB SSD,Intel Iris Xe Graphics,8 GB
https://www.amazon.com/Lenovo-LOQ-15IRH8-4050-15-6-i5-13500H/dp/B0C4JC7X6J/ref=mp_s_a_1_29?dib=eyJ2IjoiMSJ9.9rHDwnisHjc3KGENNN9yO_yxj6RGC7ZXQRN2_B1HswNSpo_1TqpUvYOnPMiA_gngJlmz6Be1XkgCsG2--9PKK4Ff-YNiGdZfryIzqDFpdibvi_GsTdjNh6HUhyt8gdBJerMF-r6txWYhHFdtLY8RhOHZIPzqcEVTDnJntR8B4NzzZJLZctfX5mnHEivYdP-cwQQ_b1v6nK54nbAVs8TZPQ.ogSyFmbS76gBRWKlf6W6lVnQNH-nEkLAaCpwr4eRb8o&dib_tag=se&keywords=gaming+laptops&qid=1723289881&sr=8-29,N/A,"Lenovo LOQ 15IRH8 - Gaming Laptop Computer - NVIDIA GeForce RTX 4050-15.6"" FHD - 144Hz - Intel Core i5-13500H - 8GB RAM - 1TB SSD - Windows 11 - Storm Grey - 3-Month Xbox GamePass Included",4.4 out of 5 stars,5200 MHz apple_ci5,SODIMM, ,SSD,NVIDIA GeForce RTX 4050,6 GB
https://www.amazon.com/Dell-G16-7630-Gaming-Laptop/dp/B0C3HZ6PV4/ref=mp_s_a_1_27?dib=eyJ2IjoiMSJ9.9rHDwnisHjc3KGENNN9yO_yxj6RGC7ZXQRN2_B1HswNSpo_1TqpUvYOnPMiA_gngJlmz6Be1XkgCsG2--9PKK4Ff-YNiGdZfryIzqDFpdibvi_GsTdjNh6HUhyt8gdBJerMF-r6txWYhHFdtLY8RhOHZIPzqcEVTDnJntR8B4NzzZJLZctfX5mnHEivYdP-cwQQ_b1v6nK54nbAVs8TZPQ.ogSyFmbS76gBRWKlf6W6lVnQNH-nEkLAaCpwr4eRb8o&dib_tag=se&keywords=gaming+laptops&qid=1723289881&sr=8-27,N/A,"Dell G16 G-Series 7630 Gaming Laptop - 16-inch QHD+ 165Hz, 3ms, Intel Core i9-13900HX, 16GB DDR5 RAM, 1TB SSD, NVIDIA GeForce RTX 4070 8GB GDDR6, Windows 11 Home, Onsite Service - Metallic Nightshade",4.0 out of 5 stars,5.4 GHz core_i9,16 GB DDR5,4800 MHz,1 TB SSD,NVIDIA® GeForce RTX™ 4070,8 GB
https://www.amazon.com/HP-Pavilion-Generation-i7-1355U-14-eh1299nr/dp/B0BVDNQYXL/ref=mp_s_a_1_30?dib=eyJ2IjoiMSJ9.9rHDwnisHjc3KGENNN9yO_yxj6RGC7ZXQRN2_B1HswNSpo_1TqpUvYOnPMiA_gngJlmz6Be1XkgCsG2--9PKK4Ff-YNiGdZfryIzqDFpdibvi_GsTdjNh6HUhyt8gdBJerMF-r6txWYhHFdtLY8RhOHZIPzqcEVTDnJntR8B4NzzZJLZctfX5mnHEivYdP-cwQQ_b1v6nK54nbAVs8TZPQ.ogSyFmbS76gBRWKlf6W6lVnQNH-nEkLAaCpwr4eRb8o&dib_tag=se&keywords=gaming+laptops&qid=1723289881&sr=8-30,N/A,"HP Pavilion Plus 14 inch Laptop, 2.8K OLED Display, 13th Generation Intel Core i7-1355U, 16 GB RAM, 1 TB SSD, NVIDIA GeForce RTX 2050 Graphics, Windows 11 Pro, 14-eh1299nr (2023)",4.1 out of 5 stars,5 GHz core_i7,16 DDR4, ,1 TB SSD,NVIDIA GeForce RTX 2050, 
https://www.amazon.com/HP-Display-i3-1125G4-Processor-Windows/dp/B0C3RN5Y81/ref=mp_s_a_1_31?dib=eyJ2IjoiMSJ9.jiQgHz1rqZrK3FbSa7Hg7DyoaclD1SN97zmhETT6_Fpr2XcxndGRGboSIW788kTngMU_ygxWAhpCbn07OB23UaEF99BQlyflrrmYx5Q177WZlwbiQTN9p5yQFifj7lxl8pxK7RptOa2QMSnbDCOVRqII0WseLDao8UFije43vsPupX1wIBtq2aevFqsGAdzK5nTw8VJNXARBsAxiaPOufg.Vc1IMvMWEYivx0BxPTCb01CwqLEiidDN-PVkOZv99x8&dib_tag=se&keywords=gaming+laptops&qid=1723289887&sr=8-31,N/A,"HP 17 Laptop, 17.3” HD+ Display, 11th Gen Intel Core i3-1125G4 Processor, 32GB RAM, 2TB SSD, Wi-Fi, HDMI, Webcam, Windows 11 Home, Silver",4.3 out of 5 stars,2 GHz core_i3_family,32 GB DDR4, ,2 TB SSD,Intel UHD Graphics,32 GB
https://www.amazon.com/FUNYET-Computer-Quad-Core-Processors-Supports/dp/B0CKN9M1S8/ref=mp_s_a_1_32?dib=eyJ2IjoiMSJ9.jiQgHz1rqZrK3FbSa7Hg7DyoaclD1SN97zmhETT6_Fpr2XcxndGRGboSIW788kTngMU_ygxWAhpCbn07OB23UaEF99BQlyflrrmYx5Q177WZlwbiQTN9p5yQFifj7lxl8pxK7RptOa2QMSnbDCOVRqII0WseLDao8UFije43vsPupX1wIBtq2aevFqsGAdzK5nTw8VJNXARBsAxiaPOufg.Vc1IMvMWEYivx0BxPTCb01CwqLEiidDN-PVkOZv99x8&dib_tag=se&keywords=gaming+laptops&qid=1723289887&sr=8-32,N/A,"14 Inch Laptop Computer, Gaming Laptop, 8GB RAM 256GB SSD, Intel Celeron N5095 Processors, FHD 1920 x 1080, Supports 180 Angle Opening, Windows 11 Pro",4.0 out of 5 stars,2 GHz celeron,8 GB DDR4,2666 MHz,256 GB SSD,Intel UHD Graphics,0.01
https://www.amazon.com/ASUS-Gaming-Laptop-Nebula-Display/dp/B0BZQPQD63/ref=mp_s_a_1_33?dib=eyJ2IjoiMSJ9.jiQgHz1rqZrK3FbSa7Hg7DyoaclD1SN97zmhETT6_Fpr2XcxndGRGboSIW788kTngMU_ygxWAhpCbn07OB23UaEF99BQlyflrrmYx5Q177WZlwbiQTN9p5yQFifj7lxl8pxK7RptOa2QMSnbDCOVRqII0WseLDao8UFije43vsPupX1wIBtq2aevFqsGAdzK5nTw8VJNXARBsAxiaPOufg.Vc1IMvMWEYivx0BxPTCb01CwqLEiidDN-PVkOZv99x8&dib_tag=se&keywords=gaming+laptops&qid=1723289887&sr=8-33,N/A,"ASUS ROG Strix G16 (2023) Gaming Laptop, 16” Nebula Display 16:10 QHD 240Hz, GeForce RTX 4070, Intel Core i9-13980HX, 32GB DDR5, 1TB PCIe SSD, Wi-Fi 6E, Windows 11 Pro, G614JI-XS96,Eclipse Gray",4.3 out of 5 stars,5.6 GHz core_i9,4800 MHz,4800 MHz,1 TB SSD,NVIDIA GeForce RTX 4070,12 GB
https://www.amazon.com/Razer-Blade-14-Gaming-Laptop/dp/B0C35ZGB55/ref=mp_s_a_1_30?dib=eyJ2IjoiMSJ9.jiQgHz1rqZrK3FbSa7Hg7DyoaclD1SN97zmhETT6_Fpr2XcxndGRGboSIW788kTngMU_ygxWAhpCbn07OB23UaEF99BQlyflrrmYx5Q177WZlwbiQTN9p5yQFifj7lxl8pxK7RptOa2QMSnbDCOVRqII0WseLDao8UFije43vsPupX1wIBtq2aevFqsGAdzK5nTw8VJNXARBsAxiaPOufg.Vc1IMvMWEYivx0BxPTCb01CwqLEiidDN-PVkOZv99x8&dib_tag=se&keywords=gaming+laptops&qid=1723289887&sr=8-30,N/A,"Razer Blade 14 Gaming Laptop: AMD Ryzen 9 7940HS CPU - NVIDIA GeForce RTX 4060 GPU - 14"" 16:10 QHD+ 240Hz -16GB DDR5 RAM - 1TB SSD - Windows 11 - Vapor Chamber Cooling - Chroma RGB",4.2 out of 5 stars,5.2 GHz ryzen_9_7900x,16 GB DDR5,5600 MHz,1 TB SSD,NVIDIA GeForce RTX 4060,16 GB
https://www.amazon.com/HP-Ryzen-5500U-Graphics-15-ef2099nr/dp/B0C1PQL8QB/ref=mp_s_a_1_36?dib=eyJ2IjoiMSJ9.jiQgHz1rqZrK3FbSa7Hg7DyoaclD1SN97zmhETT6_Fpr2XcxndGRGboSIW788kTngMU_ygxWAhpCbn07OB23UaEF99BQlyflrrmYx5Q177WZlwbiQTN9p5yQFifj7lxl8pxK7RptOa2QMSnbDCOVRqII0WseLDao8UFije43vsPupX1wIBtq2aevFqsGAdzK5nTw8VJNXARBsAxiaPOufg.Vc1IMvMWEYivx0BxPTCb01CwqLEiidDN-PVkOZv99x8&dib_tag=se&keywords=gaming+laptops&qid=1723289887&sr=8-36,N/A,"HP 15 inch Laptop, HD Display, AMD Ryzen 5 5500U, 8 GB RAM, 256 GB SSD, AMD Radeon Graphics, Windows 11 Home, 15-ef2099nr (2023),Silver",4.4 out of 5 stars,4 GHz ryzen_5,8 GB DDR4,2666 MHz,256 GB SSD,AMD Radeon Graphics 5500,8 GB
https://www.amazon.com/MSI-Pulse-GL66-Gaming-Laptop/dp/B09RB9B7SD/ref=mp_s_a_1_35?dib=eyJ2IjoiMSJ9.jiQgHz1rqZrK3FbSa7Hg7DyoaclD1SN97zmhETT6_Fpr2XcxndGRGboSIW788kTngMU_ygxWAhpCbn07OB23UaEF99BQlyflrrmYx5Q177WZlwbiQTN9p5yQFifj7lxl8pxK7RptOa2QMSnbDCOVRqII0WseLDao8UFije43vsPupX1wIBtq2aevFqsGAdzK5nTw8VJNXARBsAxiaPOufg.Vc1IMvMWEYivx0BxPTCb01CwqLEiidDN-PVkOZv99x8&dib_tag=se&keywords=gaming+laptops&qid=1723289887&sr=8-35,N/A,"MSI Pulse GL66 15.6"" FHD 144Hz Gaming Laptop: Intel Core i7-12700H RTX 3070 16GB 512GB NVMe SSD, Type-C USB 3.2 Gen 1, RGB Gaming Keyboard, Cooler Boost 5, Win11 Home: Black 12UGKV-464",4.4 out of 5 stars,1.7 GHz core_i7,16 GB DDR4,3200 MHz,512 GB SSD,NVIDIA GeForce RTX 3070,8 GB
https://www.amazon.com/Dell-Inspiron-Touchscreen-i7-1165G7-3535/dp/B0CL4S2JDG/ref=mp_s_a_1_43?dib=eyJ2IjoiMSJ9.jiQgHz1rqZrK3FbSa7Hg7DyoaclD1SN97zmhETT6_Fpr2XcxndGRGboSIW788kTngMU_ygxWAhpCbn07OB23UaEF99BQlyflrrmYx5Q177WZlwbiQTN9p5yQFifj7lxl8pxK7RptOa2QMSnbDCOVRqII0WseLDao8UFije43vsPupX1wIBtq2aevFqsGAdzK5nTw8VJNXARBsAxiaPOufg.Vc1IMvMWEYivx0BxPTCb01CwqLEiidDN-PVkOZv99x8&dib_tag=se&keywords=gaming+laptops&qid=1723289887&sr=8-43,N/A,"Dell Inspiron 15 15.6"" Laptop (FHD Touchscreen, AMD Ryzen 5 7530U, 16GB RAM, 512GB PCIe SSD, (6-Core Beat i7-1165G7)) Numeric Keypad, Webcam, 2023 Inspiron 3000 3535, Win 11 Home, Carbon Black",4.0 out of 5 stars,2 GHz ryzen_5,16 GB DDR4,3200 MHz,512 GB SSD,AMD Radeon Graphics,16 GB
https://www.amazon.com/HP-12th-Gen-i5-15-dy5399nr/dp/B0BVGHGBPH/ref=mp_s_a_1_39?dib=eyJ2IjoiMSJ9.jiQgHz1rqZrK3FbSa7Hg7DyoaclD1SN97zmhETT6_Fpr2XcxndGRGboSIW788kTngMU_ygxWAhpCbn07OB23UaEF99BQlyflrrmYx5Q177WZlwbiQTN9p5yQFifj7lxl8pxK7RptOa2QMSnbDCOVRqII0WseLDao8UFije43vsPupX1wIBtq2aevFqsGAdzK5nTw8VJNXARBsAxiaPOufg.Vc1IMvMWEYivx0BxPTCb01CwqLEiidDN-PVkOZv99x8&dib_tag=se&keywords=gaming+laptops&qid=1723289887&sr=8-39,N/A,"HP 15.6 inch Laptop, FHD Display, 12th Gen Intel Core i5, 16 GB RAM, 512 GB SSD, Intel Iris Xe Graphics, Windows 11 Home, 15-dy5399nr (2023),Silver",4.3 out of 5 stars,4.4 GHz core_i5,16 GB DDR4,2666 MHz,512 GB SSD,Intel UHD Graphics,16 GB
https://www.amazon.com/acer-Aspire-Processor-Graphics-Numeric/dp/B0D12Q3NCR/ref=mp_s_a_1_42?dib=eyJ2IjoiMSJ9.jiQgHz1rqZrK3FbSa7Hg7DyoaclD1SN97zmhETT6_Fpr2XcxndGRGboSIW788kTngMU_ygxWAhpCbn07OB23UaEF99BQlyflrrmYx5Q177WZlwbiQTN9p5yQFifj7lxl8pxK7RptOa2QMSnbDCOVRqII0WseLDao8UFije43vsPupX1wIBtq2aevFqsGAdzK5nTw8VJNXARBsAxiaPOufg.Vc1IMvMWEYivx0BxPTCb01CwqLEiidDN-PVkOZv99x8&dib_tag=se&keywords=gaming+laptops&qid=1723289887&sr=8-42,N/A,"acer Aspire 3 15.6"" FHD Laptop, AMD Ryzen 7 5700U Processor, 16GB RAM, 512GB SSD, AMD Radeon Graphics, Numeric Keypad, 720p HD Webcam, Wi-Fi 6, Windows 11 Pro, Silver, 32GB Hotface USB Card",4.3 out of 5 stars,1.8 GHz ryzen_7,16 GB DDR4, ,512 GB SSD,AMD Radeon Graphics, 
https://www.amazon.com/MSI-Cyborg-i7-12650H-Graphics-Keyboard/dp/B0CHML7569/ref=mp_s_a_1_40?dib=eyJ2IjoiMSJ9.jiQgHz1rqZrK3FbSa7Hg7DyoaclD1SN97zmhETT6_Fpr2XcxndGRGboSIW788kTngMU_ygxWAhpCbn07OB23UaEF99BQlyflrrmYx5Q177WZlwbiQTN9p5yQFifj7lxl8pxK7RptOa2QMSnbDCOVRqII0WseLDao8UFije43vsPupX1wIBtq2aevFqsGAdzK5nTw8VJNXARBsAxiaPOufg.Vc1IMvMWEYivx0BxPTCb01CwqLEiidDN-PVkOZv99x8&dib_tag=se&keywords=gaming+laptops&qid=1723289887&sr=8-40,N/A,"MSI 2023 Newest Cyborg Gaming Laptop, 15.6"" FHD 144Hz Display, Intel Core i7-12650H (10 core), GeForce RTX 4060 Graphics, 64GB DDR5 RAM, 2TB SSD, Backlit Keyboard, USB Type-A&C, Windows 11 Home",5.0 out of 5 stars,4.7 GHz core_i7,DDR5, ,2 TB SSD,NVIDIA GeForce RTX 4060, 
https://www.amazon.com/HP-Pavilion-Touchscreen-Anti-Glare-Processor/dp/B0C4G4L53W/ref=sr_1_51?dib=eyJ2IjoiMSJ9.w0P1RZVg7UFsiLvvQVIsGRDZpzgazrhuhPahFHHi1rSl0bOrTB1z1Fro-AtE3sUA8hqwL9z0Q7nvsEe8zGHEn27dsuuGIftW6N7Ywn3zDT8KSWGKG3F2vLJRvx7u3NNPu-LThS30mM7IB9N5pH4NFwUJ3JU-rFmUQNGoLxA1DGeDzYhacJtH2mdonmsxcQQSYWtiC02X0MCPpX3cbGAS2EDAdx70_W1zWfmG8ztpL1w.e74HfhMFdKLWONsw498NOxm6hk--O_ip5deVBSpj4c4&dib_tag=se&keywords=gaming+laptops&qid=1723289891&sr=8-51,"HP Newest Pavilion 15.6"" HD Touchscreen Anti-Glare Laptop, 16GB RAM, 1TB SSD Storage, Intel Core Processor up to 4.1GHz, Up to 11 Hours Long Battery Life, Type-C, HDMI, Windows 11 Home, Silver","HP Newest Pavilion 15.6"" HD Touchscreen Anti-Glare Laptop, 16GB RAM, 1TB SSD Storage, Intel Core Processor up to 4.1GHz, Up to 11 Hours Long Battery Life, Type-C, HDMI, Windows 11 Home, Silver",4.2 out of 5 stars,4.1 GHz apple_ci3,16 GB DDR4,2400 MHz,1 TB SSD,Intel UHD Graphics,1 GB
https://www.amazon.com/Dell-Inspiron-3530-Laptop-15-6-inch/dp/B09S8C2XTM/ref=mp_s_a_1_44?dib=eyJ2IjoiMSJ9.jiQgHz1rqZrK3FbSa7Hg7DyoaclD1SN97zmhETT6_Fpr2XcxndGRGboSIW788kTngMU_ygxWAhpCbn07OB23UaEF99BQlyflrrmYx5Q177WZlwbiQTN9p5yQFifj7lxl8pxK7RptOa2QMSnbDCOVRqII0WseLDao8UFije43vsPupX1wIBtq2aevFqsGAdzK5nTw8VJNXARBsAxiaPOufg.Vc1IMvMWEYivx0BxPTCb01CwqLEiidDN-PVkOZv99x8&dib_tag=se&keywords=gaming+laptops&qid=1723289887&sr=8-44,N/A,"Dell Inspiron 15 3530 Laptop - 15.6-inch FHD (1920 x 1080) 120Hz Display, Core i5-1335U, 16GB DDR4 RAM, 512GB SSD, Intel Iris Xe Graphics, Windows 11 Home, Premium Support Migrate - Silver",4.1 out of 5 stars,4.6 GHz core_i5_family,512 GB DDR4,3200 MHz,512 GB SSD,Intel Iris Xe Graphics, 
https://www.amazon.com/Lenovo-Ideapad-Touchscreen-i3-1005G1-Processor/dp/B08B6F1NNR/ref=mp_s_a_1_45?dib=eyJ2IjoiMSJ9.jiQgHz1rqZrK3FbSa7Hg7DyoaclD1SN97zmhETT6_Fpr2XcxndGRGboSIW788kTngMU_ygxWAhpCbn07OB23UaEF99BQlyflrrmYx5Q177WZlwbiQTN9p5yQFifj7lxl8pxK7RptOa2QMSnbDCOVRqII0WseLDao8UFije43vsPupX1wIBtq2aevFqsGAdzK5nTw8VJNXARBsAxiaPOufg.Vc1IMvMWEYivx0BxPTCb01CwqLEiidDN-PVkOZv99x8&dib_tag=se&keywords=gaming+laptops&qid=1723289887&sr=8-45,N/A,"Lenovo 2022 Newest Ideapad 3 Laptop, 15.6"" HD Touchscreen, 11th Gen Intel Core i3-1115G4 Processor, 8GB DDR4 RAM, 256GB PCIe NVMe SSD, HDMI, Webcam, Wi-Fi 5, Bluetooth, Windows 11 Home, Almond",4.3 out of 5 stars,3 GHz core_i3,8 GB DDR4,3.4 GHz,256 GB SSD,Intel UHD Graphics,8 GB
https://www.amazon.com/HP-Anti-Glare-Portable-Microsoft-11-ak0040nr/dp/B09F8JJDLW/ref=sr_1_52?dib=eyJ2IjoiMSJ9.w0P1RZVg7UFsiLvvQVIsGRDZpzgazrhuhPahFHHi1rSl0bOrTB1z1Fro-AtE3sUA8hqwL9z0Q7nvsEe8zGHEn27dsuuGIftW6N7Ywn3zDT8KSWGKG3F2vLJRvx7u3NNPu-LThS30mM7IB9N5pH4NFwUJ3JU-rFmUQNGoLxA1DGeDzYhacJtH2mdonmsxcQQSYWtiC02X0MCPpX3cbGAS2EDAdx70_W1zWfmG8ztpL1w.e74HfhMFdKLWONsw498NOxm6hk--O_ip5deVBSpj4c4&dib_tag=se&keywords=gaming+laptops&qid=1723289891&sr=8-52,"HP Stream 11 Laptop, Intel Celeron N4020, 4 GB RAM, 64 GB Storage, 11.6” HD Anti-Glare Display, Windows 11, Long Battery Life, Thin & Portable, Includes Microsoft 365 (11-ak0040nr, 2021 Diamond White)","HP Stream 11 Laptop, Intel Celeron N4020, 4 GB RAM, 64 GB Storage, 11.6” HD Anti-Glare Display, Windows 11, Long Battery Life, Thin & Portable, Includes Microsoft 365 (11-ak0040nr, 2021 Diamond White)",4.2 out of 5 stars,1.1 GHz celeron_n4020,4 GB DDR4, ,SSD,Intel UHD Graphics 600,4 GB
https://www.amazon.com/HP-Pavilion-Computer-i3-1125G4-Graphics/dp/B0CFHD3RPN/ref=sr_1_54?dib=eyJ2IjoiMSJ9.w0P1RZVg7UFsiLvvQVIsGRDZpzgazrhuhPahFHHi1rSl0bOrTB1z1Fro-AtE3sUA8hqwL9z0Q7nvsEe8zGHEn27dsuuGIftW6N7Ywn3zDT8KSWGKG3F2vLJRvx7u3NNPu-LThS30mM7IB9N5pH4NFwUJ3JU-rFmUQNGoLxA1DGeDzYhacJtH2mdonmsxcQQSYWtiC02X0MCPpX3cbGAS2EDAdx70_W1zWfmG8ztpL1w.e74HfhMFdKLWONsw498NOxm6hk--O_ip5deVBSpj4c4&dib_tag=se&keywords=gaming+laptops&qid=1723289891&sr=8-54,"HP 2023 Newest Laptop Pavilion 17.3"" HD+ Laptop Computer, AMD Ryzen 3 7320U(Up to 4.1GHz, Beat i3-1125G4), AMD Radeon Graphics, 8GB DDR5 RAM, 1TB NVMe SSD, WiFi 6, HDMI, Numeric Keypad, Windows 11","HP 2023 Newest Laptop Pavilion 17.3"" HD+ Laptop Computer, AMD Ryzen 3 7320U(Up to 4.1GHz, Beat i3-1125G4), AMD Radeon Graphics, 8GB DDR5 RAM, 1TB NVMe SSD, WiFi 6, HDMI, Numeric Keypad, Windows 11",4.3 out of 5 stars,4.1 GHz ryzen_3,8 GB DDR5, ,1 TB SSD,AMD Radeon Graphics, 
https://www.amazon.com/HP-Victus-15-6-Hexa-Core-i7-11800H/dp/B0CJJ5JZJ7/ref=sr_1_57?dib=eyJ2IjoiMSJ9.w0P1RZVg7UFsiLvvQVIsGRDZpzgazrhuhPahFHHi1rSl0bOrTB1z1Fro-AtE3sUA8hqwL9z0Q7nvsEe8zGHEn27dsuuGIftW6N7Ywn3zDT8KSWGKG3F2vLJRvx7u3NNPu-LThS30mM7IB9N5pH4NFwUJ3JU-rFmUQNGoLxA1DGeDzYhacJtH2mdonmsxcQQSYWtiC02X0MCPpX3cbGAS2EDAdx70_W1zWfmG8ztpL1w.e74HfhMFdKLWONsw498NOxm6hk--O_ip5deVBSpj4c4&dib_tag=se&keywords=gaming+laptops&qid=1723289891&sr=8-57,"HP 2023 Victus 15.6"" 144Hz FHD IPS-Type Display, NVIDIA GeForce RTX 2050, Series Hexa-Core AMD Ryzen 5 7535HS (Beats i7-11800H), 16GB DDR5, 1TB SSD, Wi-Fi 6, Windows 11 Home, Backlit Keyboard/OLY","HP 2023 Victus 15.6"" 144Hz FHD IPS-Type Display, NVIDIA GeForce RTX 2050, Series Hexa-Core AMD Ryzen 5 7535HS (Beats i7-11800H), 16GB DDR5, 1TB SSD, Wi-Fi 6, Windows 11 Home, Backlit Keyboard/OLY",5.0 out of 5 stars,4.5 GHz ryzen_5_4600u,16 DDR5,4800 MHz,1 TB SSD,NVIDIA GeForce RTX 2050, 
https://www.amazon.com/Alienware-Gaming-Laptop-15-6-inch/dp/B08XFPVK3W/ref=sr_1_53?dib=eyJ2IjoiMSJ9.w0P1RZVg7UFsiLvvQVIsGRDZpzgazrhuhPahFHHi1rSl0bOrTB1z1Fro-AtE3sUA8hqwL9z0Q7nvsEe8zGHEn27dsuuGIftW6N7Ywn3zDT8KSWGKG3F2vLJRvx7u3NNPu-LThS30mM7IB9N5pH4NFwUJ3JU-rFmUQNGoLxA1DGeDzYhacJtH2mdonmsxcQQSYWtiC02X0MCPpX3cbGAS2EDAdx70_W1zWfmG8ztpL1w.e74HfhMFdKLWONsw498NOxm6hk--O_ip5deVBSpj4c4&dib_tag=se&keywords=gaming+laptops&qid=1723289891&sr=8-53,"Alienware m15 R4 Gaming Laptop, 15.6 inch Full HD (FHD) - Intel Core i7-10870H, 16GB DDR4 RAM, 512GB SSD, NVIDIA GeForce RTX 3060 6GB GDDR6, Windows 10 Home - Lunar Light","Alienware m15 R4 Gaming Laptop, 15.6 inch Full HD (FHD) - Intel Core i7-10870H, 16GB DDR4 RAM, 512GB SSD, NVIDIA GeForce RTX 3060 6GB GDDR6, Windows 10 Home - Lunar Light",4.3 out of 5 stars,2.2 GHz core_i7,16 GB DDR4,2933 MHz,512 GB SSD,NVIDIA GeForce RTX 3060,6 GB
https://www.amazon.com/HP-15-dy2718nr-Generation-i7-1165G7-Graphics/dp/B0CJS251D3/ref=sr_1_59?dib=eyJ2IjoiMSJ9.w0P1RZVg7UFsiLvvQVIsGRDZpzgazrhuhPahFHHi1rSl0bOrTB1z1Fro-AtE3sUA8hqwL9z0Q7nvsEe8zGHEn27dsuuGIftW6N7Ywn3zDT8KSWGKG3F2vLJRvx7u3NNPu-LThS30mM7IB9N5pH4NFwUJ3JU-rFmUQNGoLxA1DGeDzYhacJtH2mdonmsxcQQSYWtiC02X0MCPpX3cbGAS2EDAdx70_W1zWfmG8ztpL1w.e74HfhMFdKLWONsw498NOxm6hk--O_ip5deVBSpj4c4&dib_tag=se&keywords=gaming+laptops&qid=1723289891&sr=8-59,"HP Laptop 15-dy2718nr, 11th Generation Intel® Core™ i7-1165G7, Intel® Iris® Xe Graphics, 12 GB DDR4, (15-dy2718nr, silver)","HP Laptop 15-dy2718nr, 11th Generation Intel® Core™ i7-1165G7, Intel® Iris® Xe Graphics, 12 GB DDR4, (15-dy2718nr, silver)",4.2 out of 5 stars,4.7 GHz core_i7,12 GB DDR4, ,512 SSD,Intel Iris Xe Graphics, 
https://www.amazon.com/Dell-3511-Touchscreen-i5-1135G7-i7-1065G7/dp/B0BRT67MWZ/ref=sr_1_62?dib=eyJ2IjoiMSJ9.w0P1RZVg7UFsiLvvQVIsGRDZpzgazrhuhPahFHHi1rSl0bOrTB1z1Fro-AtE3sUA8hqwL9z0Q7nvsEe8zGHEn27dsuuGIftW6N7Ywn3zDT8KSWGKG3F2vLJRvx7u3NNPu-LThS30mM7IB9N5pH4NFwUJ3JU-rFmUQNGoLxA1DGeDzYhacJtH2mdonmsxcQQSYWtiC02X0MCPpX3cbGAS2EDAdx70_W1zWfmG8ztpL1w.e74HfhMFdKLWONsw498NOxm6hk--O_ip5deVBSpj4c4&dib_tag=se&keywords=gaming+laptops&qid=1723289891&sr=8-62,"Dell Inspiron 3511 Laptop, 15.6"" Full HD Touchscreen, Intel Core i5-1135G7 (Beats Intel i7-1065G7), 32GB DDR4 RAM, 1TB PCIe SSD, SD Card Reader, HDMI, Wi-Fi, Windows 11 Home, Black","Dell Inspiron 3511 Laptop, 15.6"" Full HD Touchscreen, Intel Core i5-1135G7 (Beats Intel i7-1065G7), 32GB DDR4 RAM, 1TB PCIe SSD, SD Card Reader, HDMI, Wi-Fi, Windows 11 Home, Black",4.0 out of 5 stars,2.4 GHz core_i5_family,32 GB DDR4,2400 MHz,1 TB SSD,Intel Iris Xe Graphics,8 MB
https://www.amazon.com/Dell-Inspiron-3511-Touchscreen-i5-1135G7/dp/B0B29C364N/ref=sr_1_60?dib=eyJ2IjoiMSJ9.w0P1RZVg7UFsiLvvQVIsGRDZpzgazrhuhPahFHHi1rSl0bOrTB1z1Fro-AtE3sUA8hqwL9z0Q7nvsEe8zGHEn27dsuuGIftW6N7Ywn3zDT8KSWGKG3F2vLJRvx7u3NNPu-LThS30mM7IB9N5pH4NFwUJ3JU-rFmUQNGoLxA1DGeDzYhacJtH2mdonmsxcQQSYWtiC02X0MCPpX3cbGAS2EDAdx70_W1zWfmG8ztpL1w.e74HfhMFdKLWONsw498NOxm6hk--O_ip5deVBSpj4c4&dib_tag=se&keywords=gaming+laptops&qid=1723289891&sr=8-60,"Dell Inspiron 15 3000 Series 3511 Laptop, 15.6"" FHD Touchscreen, Intel Core i5-1035G1, 32GB DDR4 RAM, 1TB PCIe SSD, SD Card Reader, Webcam, HDMI, Wi-Fi, Windows 11 Home, Black","Dell Inspiron 15 3000 Series 3511 Laptop, 15.6"" FHD Touchscreen, Intel Core i5-1035G1, 32GB DDR4 RAM, 1TB PCIe SSD, SD Card Reader, Webcam, HDMI, Wi-Fi, Windows 11 Home, Black",4.1 out of 5 stars,1 GHz core_i5_1035g1,32 GB DDR4,7200,1 TB SSD,Intel Iris Xe Graphics,16 GB
https://www.amazon.com/Dell-Inspiron-3511-Touchscreen-i5-1035G1/dp/B0B338HW3T/ref=sr_1_65?dib=eyJ2IjoiMSJ9.w0P1RZVg7UFsiLvvQVIsGRDZpzgazrhuhPahFHHi1rSl0bOrTB1z1Fro-AtE3sUA8hqwL9z0Q7nvsEe8zGHEn27dsuuGIftW6N7Ywn3zDT8KSWGKG3F2vLJRvx7u3NNPu-LThS30mM7IB9N5pH4NFwUJ3JU-rFmUQNGoLxA1DGeDzYhacJtH2mdonmsxcQQSYWtiC02X0MCPpX3cbGAS2EDAdx70_W1zWfmG8ztpL1w.e74HfhMFdKLWONsw498NOxm6hk--O_ip5deVBSpj4c4&dib_tag=se&keywords=gaming+laptops&qid=1723289891&sr=8-65,"Dell Newest Inspiron 15 3511 Laptop, 15.6"" FHD Touchscreen, Intel Core i5-1035G1, 12GB RAM, 256GB PCIe NVMe M.2 SSD, SD Card Reader, Webcam, HDMI, WiFi, Windows 11 Home, Black","Dell Newest Inspiron 15 3511 Laptop, 15.6"" FHD Touchscreen, Intel Core i5-1035G1, 12GB RAM, 256GB PCIe NVMe M.2 SSD, SD Card Reader, Webcam, HDMI, WiFi, Windows 11 Home, Black",4.2 out of 5 stars,1 GHz core_i5_family,12 GB DDR4,2400 MHz,256 GB SSD,Intel UHD Graphics,12 GB
https://www.amazon.com/HP-Touchscreen-Microsoft-14-dq0080nr-Snowflake/dp/B0949TSZLL/ref=sr_1_67?dib=eyJ2IjoiMSJ9.YWw__CYYDagNHZ5o9sF0zpPtNMkVSN_cbHUUmHhN_AnNPyvowUTuc6W86hZzddcPNvm_4NmDF2EDnbS6sJ1DQaLuYsqg7POCwF4Dhtf0_4uf352dQzCyMGVpRKnN3pnd7zpqZ_x_UuGJbjar5ZfRawu_cFtB99RllQbFE6kVj2atq_RSdAynI0cofgufP7UZoQYFZq9s5j3I-eRD8FP4FTO4kbOYgktUuQKaKq5mMB8.gLSN1gK77MEAHCQGwSTZr8AL9sc2kxAegna98AJAdDg&dib_tag=se&keywords=gaming+laptops&qid=1723289896&sr=8-67,"HP 14 Laptop, Intel Celeron N4020, 4 GB RAM, 64 GB Storage, 14-inch HD Touchscreen, Windows 11 Home, Thin & Portable, 4K Graphics, One Year of Microsoft 365 (14-dq0080nr, Snowflake White)","HP 14 Laptop, Intel Celeron N4020, 4 GB RAM, 64 GB Storage, 14-inch HD Touchscreen, Windows 11 Home, Thin & Portable, 4K Graphics, One Year of Microsoft 365 (14-dq0080nr, Snowflake White)",4.1 out of 5 stars,2.8 GHz celeron_n4020,4 GB 4 GB DDR4,2400 MHz,Emmc,Intel UHD Graphics 600,4 GB
https://www.amazon.com/MSI-GF63-9RCX-615-i5-9300H/dp/B07TN4C9FY/ref=sr_1_64?dib=eyJ2IjoiMSJ9.w0P1RZVg7UFsiLvvQVIsGRDZpzgazrhuhPahFHHi1rSl0bOrTB1z1Fro-AtE3sUA8hqwL9z0Q7nvsEe8zGHEn27dsuuGIftW6N7Ywn3zDT8KSWGKG3F2vLJRvx7u3NNPu-LThS30mM7IB9N5pH4NFwUJ3JU-rFmUQNGoLxA1DGeDzYhacJtH2mdonmsxcQQSYWtiC02X0MCPpX3cbGAS2EDAdx70_W1zWfmG8ztpL1w.e74HfhMFdKLWONsw498NOxm6hk--O_ip5deVBSpj4c4&dib_tag=se&keywords=gaming+laptops&qid=1723289891&sr=8-64,"MSI GF63 Thin 9RCX -615 15.6"" Gaming Laptop, Intel Core i5-9300H, NVIDIA GTX 1050Ti, 8GB, 512GB NVMe SSD, Win10","MSI GF63 Thin 9RCX -615 15.6"" Gaming Laptop, Intel Core i5-9300H, NVIDIA GTX 1050Ti, 8GB, 512GB NVMe SSD, Win10",4.4 out of 5 stars,2.4 GHz apple_ci7,8 GB SO-DIMM,2666 MHz,512 GB SSD,NVIDIA GTX 1050Ti,4 GB
https://www.amazon.com/HP-Laptop-i5-1135G7-Anti-Glare-Lightweight/dp/B0BZ54PGG2/ref=sr_1_69?dib=eyJ2IjoiMSJ9.YWw__CYYDagNHZ5o9sF0zpPtNMkVSN_cbHUUmHhN_AnNPyvowUTuc6W86hZzddcPNvm_4NmDF2EDnbS6sJ1DQaLuYsqg7POCwF4Dhtf0_4uf352dQzCyMGVpRKnN3pnd7zpqZ_x_UuGJbjar5ZfRawu_cFtB99RllQbFE6kVj2atq_RSdAynI0cofgufP7UZoQYFZq9s5j3I-eRD8FP4FTO4kbOYgktUuQKaKq5mMB8.gLSN1gK77MEAHCQGwSTZr8AL9sc2kxAegna98AJAdDg&dib_tag=se&keywords=gaming+laptops&qid=1723289896&sr=8-69,"HP 15.6 inch Laptop, Intel Core i5-1135G7 Processor, 15.6"" FHD Anti-Glare LED Display, HDMI, Wi-Fi and Bluetooth, Lightweight Design, Fast Charge, Windows 11 Home (32GB RAM | 1TB SSD)","HP 15.6 inch Laptop, Intel Core i5-1135G7 Processor, 15.6"" FHD Anti-Glare LED Display, HDMI, Wi-Fi and Bluetooth, Lightweight Design, Fast Charge, Windows 11 Home (32GB RAM | 1TB SSD)",4.0 out of 5 stars,2.4 GHz core_i5,32 GB DDR4,2666 MHz,1 TB SSD,Intel,8 GB
https://www.amazon.com/HP-Touchscreen-i3-1115G4-i5-1035G4-Accessories/dp/B0BYYYFM54/ref=sr_1_66?dib=eyJ2IjoiMSJ9.w0P1RZVg7UFsiLvvQVIsGRDZpzgazrhuhPahFHHi1rSl0bOrTB1z1Fro-AtE3sUA8hqwL9z0Q7nvsEe8zGHEn27dsuuGIftW6N7Ywn3zDT8KSWGKG3F2vLJRvx7u3NNPu-LThS30mM7IB9N5pH4NFwUJ3JU-rFmUQNGoLxA1DGeDzYhacJtH2mdonmsxcQQSYWtiC02X0MCPpX3cbGAS2EDAdx70_W1zWfmG8ztpL1w.e74HfhMFdKLWONsw498NOxm6hk--O_ip5deVBSpj4c4&dib_tag=se&keywords=gaming+laptops&qid=1723289891&sr=8-66,"HP 15.6"" Touchscreen Newest Flagship HD Laptop, Intel i3-1115G4 up to 4.1GHz (Beat i5-1035G4), 16GB RAM, 1TB NVMe SSD, Fast Charge, Numpad, Bluetooth, Wi-Fi, HDMI, Win 11 Home S,w/GM Accessories","HP 15.6"" Touchscreen Newest Flagship HD Laptop, Intel i3-1115G4 up to 4.1GHz (Beat i5-1035G4), 16GB RAM, 1TB NVMe SSD, Fast Charge, Numpad, Bluetooth, Wi-Fi, HDMI, Win 11 Home S,w/GM Accessories",4.3 out of 5 stars,4.1 GHz core_i3_1115g4e,16 DDR4, ,1 TB SSD,Intel Iris Xe Graphics,16 GB
https://www.amazon.com/HP-Generation-i5-1235U-Graphics-17-cn2099nr/dp/B0BVBYQDLC/ref=sr_1_70?dib=eyJ2IjoiMSJ9.YWw__CYYDagNHZ5o9sF0zpPtNMkVSN_cbHUUmHhN_AnNPyvowUTuc6W86hZzddcPNvm_4NmDF2EDnbS6sJ1DQaLuYsqg7POCwF4Dhtf0_4uf352dQzCyMGVpRKnN3pnd7zpqZ_x_UuGJbjar5ZfRawu_cFtB99RllQbFE6kVj2atq_RSdAynI0cofgufP7UZoQYFZq9s5j3I-eRD8FP4FTO4kbOYgktUuQKaKq5mMB8.gLSN1gK77MEAHCQGwSTZr8AL9sc2kxAegna98AJAdDg&dib_tag=se&keywords=gaming+laptops&qid=1723289896&sr=8-70,"HP 17 inch Laptop, HD+ Display, 12th Generation Intel Core i5-1235U, 8 GB RAM, 512 GB SSD, Intel Iris Xe Graphics, Windows 11 Home, 17-cn2099nr (2023),Silver","HP 17 inch Laptop, HD+ Display, 12th Generation Intel Core i5-1235U, 8 GB RAM, 512 GB SSD, Intel Iris Xe Graphics, Windows 11 Home, 17-cn2099nr (2023),Silver",4.5 out of 5 stars,4.4 GHz core_i5,8 GB DDR4,7200 RPM,512 GB SSD,Intel Iris,6 GB
https://www.amazon.com/HP-Processor-Micro-Edge-Long-Lasting-15-ef2024nr/dp/B09J1PS4TG/ref=sr_1_68?dib=eyJ2IjoiMSJ9.YWw__CYYDagNHZ5o9sF0zpPtNMkVSN_cbHUUmHhN_AnNPyvowUTuc6W86hZzddcPNvm_4NmDF2EDnbS6sJ1DQaLuYsqg7POCwF4Dhtf0_4uf352dQzCyMGVpRKnN3pnd7zpqZ_x_UuGJbjar5ZfRawu_cFtB99RllQbFE6kVj2atq_RSdAynI0cofgufP7UZoQYFZq9s5j3I-eRD8FP4FTO4kbOYgktUuQKaKq5mMB8.gLSN1gK77MEAHCQGwSTZr8AL9sc2kxAegna98AJAdDg&dib_tag=se&keywords=gaming+laptops&qid=1723289896&sr=8-68,"HP 15 Laptop, AMD Ryzen 3-5300U Processor, 8 GB RAM, 256 GB SSD Storage, 15.6-inch HD Micro-Edge Display, Windows 11 Home, Long-Lasting Battery, Fast Charge, 720p Webcam (15-ef2024nr), Natural silver","HP 15 Laptop, AMD Ryzen 3-5300U Processor, 8 GB RAM, 256 GB SSD Storage, 15.6-inch HD Micro-Edge Display, Windows 11 Home, Long-Lasting Battery, Fast Charge, 720p Webcam (15-ef2024nr), Natural silver",4.3 out of 5 stars,3.8 GHz ryzen_3,8 GB 8GB DDR4,5400 RPM,256 GB SSD,AMD Radeon Graphics,8 GB
https://www.amazon.com/Dell-Precision-5540-Workstation-Laptop/dp/B09ZL33B1Q/ref=sr_1_73?dib=eyJ2IjoiMSJ9.YWw__CYYDagNHZ5o9sF0zpPtNMkVSN_cbHUUmHhN_AnNPyvowUTuc6W86hZzddcPNvm_4NmDF2EDnbS6sJ1DQaLuYsqg7POCwF4Dhtf0_4uf352dQzCyMGVpRKnN3pnd7zpqZ_x_UuGJbjar5ZfRawu_cFtB99RllQbFE6kVj2atq_RSdAynI0cofgufP7UZoQYFZq9s5j3I-eRD8FP4FTO4kbOYgktUuQKaKq5mMB8.gLSN1gK77MEAHCQGwSTZr8AL9sc2kxAegna98AJAdDg&dib_tag=se&keywords=gaming+laptops&qid=1723289896&sr=8-73,"Dell Precision 5000 5540 Workstation Laptop (2019) | 15.6'' FHD | Core i7 - 1TB SSD - 32GB RAM - Quadro T2000 | 6 Cores @ 4.6 GHz Win 10 Pro (Reed), Platinum Silver","Dell Precision 5000 5540 Workstation Laptop (2019) | 15.6'' FHD | Core i7 - 1TB SSD - 32GB RAM - Quadro T2000 | 6 Cores @ 4.6 GHz Win 10 Pro (Reed), Platinum Silver",3.9 out of 5 stars,2.6 GHz core_i7,32 GB DDR4, ,1000 GB SSD,Nvidia Quadro T2000,4.00
https://www.amazon.com/LG-Lightweight-Laptop-Platform-Windows/dp/B0BX776TJF/ref=sr_1_72?dib=eyJ2IjoiMSJ9.YWw__CYYDagNHZ5o9sF0zpPtNMkVSN_cbHUUmHhN_AnNPyvowUTuc6W86hZzddcPNvm_4NmDF2EDnbS6sJ1DQaLuYsqg7POCwF4Dhtf0_4uf352dQzCyMGVpRKnN3pnd7zpqZ_x_UuGJbjar5ZfRawu_cFtB99RllQbFE6kVj2atq_RSdAynI0cofgufP7UZoQYFZq9s5j3I-eRD8FP4FTO4kbOYgktUuQKaKq5mMB8.gLSN1gK77MEAHCQGwSTZr8AL9sc2kxAegna98AJAdDg&dib_tag=se&keywords=gaming+laptops&qid=1723289896&sr=8-72,"LG gram 14” 2in1 Lightweight Laptop, Intel 13th Gen Core i5 Evo Platform, Windows 11 Home, 16GB RAM, 512GB SSD, Black","LG gram 14” 2in1 Lightweight Laptop, Intel 13th Gen Core i5 Evo Platform, Windows 11 Home, 16GB RAM, 512GB SSD, Black",4.1 out of 5 stars,1.9 GHz core_i5,16 LPDDR5, ,512 GB SSD,Intel Iris, 
https://www.amazon.com/Lenovo-ThinkPad-X13-Thunderbolt-Fingerprint/dp/B09NBTPJNW/ref=sr_1_74?dib=eyJ2IjoiMSJ9.YWw__CYYDagNHZ5o9sF0zpPtNMkVSN_cbHUUmHhN_AnNPyvowUTuc6W86hZzddcPNvm_4NmDF2EDnbS6sJ1DQaLuYsqg7POCwF4Dhtf0_4uf352dQzCyMGVpRKnN3pnd7zpqZ_x_UuGJbjar5ZfRawu_cFtB99RllQbFE6kVj2atq_RSdAynI0cofgufP7UZoQYFZq9s5j3I-eRD8FP4FTO4kbOYgktUuQKaKq5mMB8.gLSN1gK77MEAHCQGwSTZr8AL9sc2kxAegna98AJAdDg&dib_tag=se&keywords=gaming+laptops&qid=1723289896&sr=8-74,"Lenovo ThinkPad X13 Business Laptop (13.3"" FHD+, Intel 4-Core i7-1165G7, 16GB RAM, 512GB SSD) for Traveling, School, Lightweight, Backlit, Fingerprint, 14.5-Hr Long Battery Life, IST HDMI, Win 11 Pro","Lenovo ThinkPad X13 Business Laptop (13.3"" FHD+, Intel 4-Core i7-1165G7, 16GB RAM, 512GB SSD) for Traveling, School, Lightweight, Backlit, Fingerprint, 14.5-Hr Long Battery Life, IST HDMI, Win 11 Pro",5.0 out of 5 stars,2.8 GHz core_i7,16 GB LPDDR4,4266 MHz,512 GB SSD,Intel Iris Xe Graphics, 
https://www.amazon.com/ASUS-Vivobook-Display-i9-13900H-K3605VU-ES94/dp/B0BWH7HT2X/ref=sr_1_78?dib=eyJ2IjoiMSJ9.YWw__CYYDagNHZ5o9sF0zpPtNMkVSN_cbHUUmHhN_AnNPyvowUTuc6W86hZzddcPNvm_4NmDF2EDnbS6sJ1DQaLuYsqg7POCwF4Dhtf0_4uf352dQzCyMGVpRKnN3pnd7zpqZ_x_UuGJbjar5ZfRawu_cFtB99RllQbFE6kVj2atq_RSdAynI0cofgufP7UZoQYFZq9s5j3I-eRD8FP4FTO4kbOYgktUuQKaKq5mMB8.gLSN1gK77MEAHCQGwSTZr8AL9sc2kxAegna98AJAdDg&dib_tag=se&keywords=gaming+laptops&qid=1723289896&sr=8-78,"ASUS Vivobook 16X OLED Laptop, 16” 3.2K 120Hz Display, Intel Core i9-13900H CPU, NVIDIA Geforce RTX 4050 GPU, 16GB RAM, 1TB SSD, Windows 11 Home, Indie Black, K3605VU-ES94","ASUS Vivobook 16X OLED Laptop, 16” 3.2K 120Hz Display, Intel Core i9-13900H CPU, NVIDIA Geforce RTX 4050 GPU, 16GB RAM, 1TB SSD, Windows 11 Home, Indie Black, K3605VU-ES94",4.2 out of 5 stars,5.4 GHz core_i9,16 DDR4, ,1 TB SSD,AMD Radeon R5, 
https://www.amazon.com/EliteBook-845-G8-i5-1145G7-Fingerprint/dp/B0CNSLZHL4/ref=sr_1_76?dib=eyJ2IjoiMSJ9.YWw__CYYDagNHZ5o9sF0zpPtNMkVSN_cbHUUmHhN_AnNPyvowUTuc6W86hZzddcPNvm_4NmDF2EDnbS6sJ1DQaLuYsqg7POCwF4Dhtf0_4uf352dQzCyMGVpRKnN3pnd7zpqZ_x_UuGJbjar5ZfRawu_cFtB99RllQbFE6kVj2atq_RSdAynI0cofgufP7UZoQYFZq9s5j3I-eRD8FP4FTO4kbOYgktUuQKaKq5mMB8.gLSN1gK77MEAHCQGwSTZr8AL9sc2kxAegna98AJAdDg&dib_tag=se&keywords=gaming+laptops&qid=1723289896&sr=8-76,"HP EliteBook 845 Business Laptop (14"" FHD, AMD Ryzen 5 PRO 5650U, 32GB RAM, 1TB SSD, > Intel i5-1145G7) 3-Yr Warranty, Long Battery Life, Backlit, Fingerprint, Wi-Fi 6E, Webcam, Win 11 Pro, Silver","HP EliteBook 845 Business Laptop (14"" FHD, AMD Ryzen 5 PRO 5650U, 32GB RAM, 1TB SSD, > Intel i5-1145G7) 3-Yr Warranty, Long Battery Life, Backlit, Fingerprint, Wi-Fi 6E, Webcam, Win 11 Pro, Silver",4.1 out of 5 stars, , , , , , 
https://www.amazon.com/HP-15-Laptop-Processor-Super-Fast/dp/B0BQ9W4DV3/ref=sr_1_77?dib=eyJ2IjoiMSJ9.YWw__CYYDagNHZ5o9sF0zpPtNMkVSN_cbHUUmHhN_AnNPyvowUTuc6W86hZzddcPNvm_4NmDF2EDnbS6sJ1DQaLuYsqg7POCwF4Dhtf0_4uf352dQzCyMGVpRKnN3pnd7zpqZ_x_UuGJbjar5ZfRawu_cFtB99RllQbFE6kVj2atq_RSdAynI0cofgufP7UZoQYFZq9s5j3I-eRD8FP4FTO4kbOYgktUuQKaKq5mMB8.gLSN1gK77MEAHCQGwSTZr8AL9sc2kxAegna98AJAdDg&dib_tag=se&keywords=gaming+laptops&qid=1723289896&sr=8-77,"HP 2023 15'' HD IPS Laptop, Windows 11, Intel Pentium 4-Core Processor Up to 2.70GHz, 8GB RAM, 128GB SSD, HDMI, Super-Fast 6th Gen WiFi, Dale Red (Renewed)","HP 2023 15'' HD IPS Laptop, Windows 11, Intel Pentium 4-Core Processor Up to 2.70GHz, 8GB RAM, 128GB SSD, HDMI, Super-Fast 6th Gen WiFi, Dale Red (Renewed)",4.2 out of 5 stars,2.7 GHz pentium,8 GB DDR4, ,128 GB SSD,Intel,8 GB
https://www.amazon.com/Dell-Alienware-GeForce-Backlit-Thunderbolt/dp/B0D87D1WL6/ref=sr_1_80?dib=eyJ2IjoiMSJ9.YWw__CYYDagNHZ5o9sF0zpPtNMkVSN_cbHUUmHhN_AnNPyvowUTuc6W86hZzddcPNvm_4NmDF2EDnbS6sJ1DQaLuYsqg7POCwF4Dhtf0_4uf352dQzCyMGVpRKnN3pnd7zpqZ_x_UuGJbjar5ZfRawu_cFtB99RllQbFE6kVj2atq_RSdAynI0cofgufP7UZoQYFZq9s5j3I-eRD8FP4FTO4kbOYgktUuQKaKq5mMB8.gLSN1gK77MEAHCQGwSTZr8AL9sc2kxAegna98AJAdDg&dib_tag=se&keywords=gaming+laptops&qid=1723289896&sr=8-80,Dell Alienware m16 Gaming Laptop 2024 16” WQXGA 2560 x 1600 IPS 240hz Intel Core Ultra 7 155H NVIDIA GeForce RTX 4070 16GB DDR5 1TB SSD Per-Key RGB Backlit KB Thunderbolt 4 Wi-Fi 6E Windows 10 Pro,Dell Alienware m16 Gaming Laptop 2024 16” WQXGA 2560 x 1600 IPS 240hz Intel Core Ultra 7 155H NVIDIA GeForce RTX 4070 16GB DDR5 1TB SSD Per-Key RGB Backlit KB Thunderbolt 4 Wi-Fi 6E Windows 10 Pro,N/A,2.3 GHz apple_ci7,16 GB DDR5,4800 MHz,1 TB SSD,NVIDIA GeForce RTX 4070,8 GB
https://www.amazon.com/MSI-Prestige-Evo-Laptop-B1MG-020US/dp/B0CP9YWSYB/ref=sr_1_79?dib=eyJ2IjoiMSJ9.YWw__CYYDagNHZ5o9sF0zpPtNMkVSN_cbHUUmHhN_AnNPyvowUTuc6W86hZzddcPNvm_4NmDF2EDnbS6sJ1DQaLuYsqg7POCwF4Dhtf0_4uf352dQzCyMGVpRKnN3pnd7zpqZ_x_UuGJbjar5ZfRawu_cFtB99RllQbFE6kVj2atq_RSdAynI0cofgufP7UZoQYFZq9s5j3I-eRD8FP4FTO4kbOYgktUuQKaKq5mMB8.gLSN1gK77MEAHCQGwSTZr8AL9sc2kxAegna98AJAdDg&dib_tag=se&keywords=gaming+laptops&qid=1723289896&sr=8-79,"MSI Prestige 16 AI Evo Laptop: Intel Ultra 7-155H, 16"" UHD+ OLED Display, 32GB DDR5, 2TB NVMe SSD, HDMI, SD Card Reader, Win 11 Pro: Stellar Gray B1MG-020US","MSI Prestige 16 AI Evo Laptop: Intel Ultra 7-155H, 16"" UHD+ OLED Display, 32GB DDR5, 2TB NVMe SSD, HDMI, SD Card Reader, Win 11 Pro: Stellar Gray B1MG-020US",4.3 out of 5 stars,1.4 GHz Intel_Mobile_CPU,32 GB LPDDR5,2400 MHz,2 TB SSD, , 
https://www.amazon.com/Rugged-Laptop-I5-8250U-Thread-Tenacious/dp/B0917HRT3D/ref=sr_1_83?dib=eyJ2IjoiMSJ9.BwtG6jHkEHB1EeW7dRMNUjaN6jMPOZy73mtlGjxoXC41veBFLq_C3p8YomvXD59O7OJa7nMzzYWVsezU-MDuhOz2oPj6FglDTvwYO3qqk_gP9NYFP_bf1Rr6W2moT-sz00Ilh8qkon9dfwaKQx8AwT5G6vzWsiewXLKVvhZauRdtj5gQeHCJOaBvjYh4vnWkC5E44wn6MTZfZpzFlSaU_fL5Kqwbxnynw6Vh0Rv4y_4.0xJO41ss5OYA1_Fd3LUIjJ3cRMcd2ZJURoCqHf0HZj8&dib_tag=se&keywords=gaming+laptops&qid=1723289902&sr=8-83,"Rugged Laptop with I5-8250U Quad Core, 8 Thread CPU, 16GB RAM512GB SSD, inch 1080p Screen, Tenacious Model in, 13.3, Rose Gold, 14626167","Rugged Laptop with I5-8250U Quad Core, 8 Thread CPU, 16GB RAM512GB SSD, inch 1080p Screen, Tenacious Model in, 13.3, Rose Gold, 14626167",2.9 out of 5 stars,4 GHz core_i5_8250u,16 GB DDR4, ,512 GB M.2 SSD Drive,Intel HD 620 with 4K Output,512 MB
https://www.amazon.com/HP-15-6-inch-Laptop-Processor/dp/B0BVCLM7ND/ref=sr_1_81?dib=eyJ2IjoiMSJ9.YWw__CYYDagNHZ5o9sF0zpPtNMkVSN_cbHUUmHhN_AnNPyvowUTuc6W86hZzddcPNvm_4NmDF2EDnbS6sJ1DQaLuYsqg7POCwF4Dhtf0_4uf352dQzCyMGVpRKnN3pnd7zpqZ_x_UuGJbjar5ZfRawu_cFtB99RllQbFE6kVj2atq_RSdAynI0cofgufP7UZoQYFZq9s5j3I-eRD8FP4FTO4kbOYgktUuQKaKq5mMB8.gLSN1gK77MEAHCQGwSTZr8AL9sc2kxAegna98AJAdDg&dib_tag=se&keywords=gaming+laptops&qid=1723289896&sr=8-81,"HP 15.6 inch Laptop PC, Processor: 13th Generation Intel® Core™ i7, Graphics: Intel® Iris® Xe Graphicsc, 16 GB DDR4-3200 MHz RAM, 512GB SSD, Windows 11 Home (Silver, 15-fd0099nr)","HP 15.6 inch Laptop PC, Processor: 13th Generation Intel® Core™ i7, Graphics: Intel® Iris® Xe Graphicsc, 16 GB DDR4-3200 MHz RAM, 512GB SSD, Windows 11 Home (Silver, 15-fd0099nr)",4.4 out of 5 stars,5 GHz core_i7,16 DDR4,7200 RPM,512 GB SSD,Intel,8 GB
https://www.amazon.com/Acer-Chromebook-Convertible-Bluetooth-CP311-2H-C679/dp/B086MBQKH2/ref=sr_1_82?dib=eyJ2IjoiMSJ9.YWw__CYYDagNHZ5o9sF0zpPtNMkVSN_cbHUUmHhN_AnNPyvowUTuc6W86hZzddcPNvm_4NmDF2EDnbS6sJ1DQaLuYsqg7POCwF4Dhtf0_4uf352dQzCyMGVpRKnN3pnd7zpqZ_x_UuGJbjar5ZfRawu_cFtB99RllQbFE6kVj2atq_RSdAynI0cofgufP7UZoQYFZq9s5j3I-eRD8FP4FTO4kbOYgktUuQKaKq5mMB8.gLSN1gK77MEAHCQGwSTZr8AL9sc2kxAegna98AJAdDg&dib_tag=se&keywords=gaming+laptops&qid=1723289896&sr=8-82,"Acer Chromebook Spin 311 Convertible Laptop, Intel Celeron N4020, 11.6"" HD Touch, 4GB LPDDR4, 32GB eMMC, Gigabit Wi-Fi 5, Bluetooth 5.0, Google Chrome, CP311-2H-C679","Acer Chromebook Spin 311 Convertible Laptop, Intel Celeron N4020, 11.6"" HD Touch, 4GB LPDDR4, 32GB eMMC, Gigabit Wi-Fi 5, Bluetooth 5.0, Google Chrome, CP311-2H-C679",4.5 out of 5 stars,2.8 GHz celeron,4 GB LPDDR4,2.8 GHz,32 GB Embedded MultiMediaCard,Intel UHD Graphics 600,4 GB
https://www.amazon.com/GL703GE-i7-8750H-Processor-Windows-GL703GE-AS74/dp/B07RTNG5FJ/ref=sr_1_85?dib=eyJ2IjoiMSJ9.BwtG6jHkEHB1EeW7dRMNUjaN6jMPOZy73mtlGjxoXC41veBFLq_C3p8YomvXD59O7OJa7nMzzYWVsezU-MDuhOz2oPj6FglDTvwYO3qqk_gP9NYFP_bf1Rr6W2moT-sz00Ilh8qkon9dfwaKQx8AwT5G6vzWsiewXLKVvhZauRdtj5gQeHCJOaBvjYh4vnWkC5E44wn6MTZfZpzFlSaU_fL5Kqwbxnynw6Vh0Rv4y_4.0xJO41ss5OYA1_Fd3LUIjJ3cRMcd2ZJURoCqHf0HZj8&dib_tag=se&keywords=gaming+laptops&qid=1723289902&sr=8-85,"ASUS ROG Strix SCAR Edition GL703GE Gaming Laptop, 17.3” 120Hz Full HD 3ms, 8th Gen Intel Core i7-8750H Processor, GTX 1050 Ti 4GB, 16GB DDR4, 256GB SSD + 1TB HDD, Windows 10 Home, GL703GE-AS74","ASUS ROG Strix SCAR Edition GL703GE Gaming Laptop, 17.3” 120Hz Full HD 3ms, 8th Gen Intel Core i7-8750H Processor, GTX 1050 Ti 4GB, 16GB DDR4, 256GB SSD + 1TB HDD, Windows 10 Home, GL703GE-AS74",4.2 out of 5 stars,3.9 GHz core_i7,16 GB DDR4,2666 MHz,1000 GB SSD,NVIDIA GeForce GTX 1050 Ti,4 GB
https://www.amazon.com/ASUS-Vivobook-Pro-16X-Laptop/dp/B0BZQP8591/ref=sr_1_84?dib=eyJ2IjoiMSJ9.BwtG6jHkEHB1EeW7dRMNUjaN6jMPOZy73mtlGjxoXC41veBFLq_C3p8YomvXD59O7OJa7nMzzYWVsezU-MDuhOz2oPj6FglDTvwYO3qqk_gP9NYFP_bf1Rr6W2moT-sz00Ilh8qkon9dfwaKQx8AwT5G6vzWsiewXLKVvhZauRdtj5gQeHCJOaBvjYh4vnWkC5E44wn6MTZfZpzFlSaU_fL5Kqwbxnynw6Vh0Rv4y_4.0xJO41ss5OYA1_Fd3LUIjJ3cRMcd2ZJURoCqHf0HZj8&dib_tag=se&keywords=gaming+laptops&qid=1723289902&sr=8-84,"ASUS Vivobook Pro 16X Laptop, 16” 16:10 Display, Intel Core i9-13980HX CPU, NVIDIA® GeForce® RTX™ 4070 GPU, 32GB RAM, 1TB SSD, Windows 11 Home, Earl Grey, K6604JI-AS99","ASUS Vivobook Pro 16X Laptop, 16” 16:10 Display, Intel Core i9-13980HX CPU, NVIDIA® GeForce® RTX™ 4070 GPU, 32GB RAM, 1TB SSD, Windows 11 Home, Earl Grey, K6604JI-AS99",4.1 out of 5 stars,5.6 GHz core_i9,32 DDR5,2400 MHz,1 TB SSD,NVIDIA GeForce RTXTM 4070,32 GB
https://www.amazon.com/HP-Generation-i3-1215U-Graphics-14-dq5009nr/dp/B0CS3XPZNH/ref=sr_1_87?dib=eyJ2IjoiMSJ9.BwtG6jHkEHB1EeW7dRMNUjaN6jMPOZy73mtlGjxoXC41veBFLq_C3p8YomvXD59O7OJa7nMzzYWVsezU-MDuhOz2oPj6FglDTvwYO3qqk_gP9NYFP_bf1Rr6W2moT-sz00Ilh8qkon9dfwaKQx8AwT5G6vzWsiewXLKVvhZauRdtj5gQeHCJOaBvjYh4vnWkC5E44wn6MTZfZpzFlSaU_fL5Kqwbxnynw6Vh0Rv4y_4.0xJO41ss5OYA1_Fd3LUIjJ3cRMcd2ZJURoCqHf0HZj8&dib_tag=se&keywords=gaming+laptops&qid=1723289902&sr=8-87,"HP 14 inch Laptop, HD Display, 12th Generation Intel Core i3-1215U, 8 GB RAM, 256 GB SSD, Intel UHD Graphics, Windows 11 Home in S Mode, 14-dq5009nr (2024)","HP 14 inch Laptop, HD Display, 12th Generation Intel Core i3-1215U, 8 GB RAM, 256 GB SSD, Intel UHD Graphics, Windows 11 Home in S Mode, 14-dq5009nr (2024)",4.2 out of 5 stars,4.4 GHz core_i3,DDR4, ,SSD,Intel UHD Graphics, 
https://www.amazon.com/acer-Aspire-A115-32-C96U-Graphics-Ethernet/dp/B0CC5PRLR6/ref=sr_1_88?dib=eyJ2IjoiMSJ9.BwtG6jHkEHB1EeW7dRMNUjaN6jMPOZy73mtlGjxoXC41veBFLq_C3p8YomvXD59O7OJa7nMzzYWVsezU-MDuhOz2oPj6FglDTvwYO3qqk_gP9NYFP_bf1Rr6W2moT-sz00Ilh8qkon9dfwaKQx8AwT5G6vzWsiewXLKVvhZauRdtj5gQeHCJOaBvjYh4vnWkC5E44wn6MTZfZpzFlSaU_fL5Kqwbxnynw6Vh0Rv4y_4.0xJO41ss5OYA1_Fd3LUIjJ3cRMcd2ZJURoCqHf0HZj8&dib_tag=se&keywords=gaming+laptops&qid=1723289902&sr=8-88,"acer Aspire 1 A115-32-C96U Home & Student Slim Laptop (15.6"" FHD, Intel Celeron N4500, 16GB RAM, 256GB SSD, UHD Graphics) 1-Year Office 365, Ethernet, Wi-Fi, Webcam, IST HDMI, Win 11 Home, Silver","acer Aspire 1 A115-32-C96U Home & Student Slim Laptop (15.6"" FHD, Intel Celeron N4500, 16GB RAM, 256GB SSD, UHD Graphics) 1-Year Office 365, Ethernet, Wi-Fi, Webcam, IST HDMI, Win 11 Home, Silver",4.5 out of 5 stars,1.1 GHz Celeron_P4500,16 GB DDR4, ,256 GB SSD,Intel UHD Graphics,16 GB
https://www.amazon.com/Anti-glare-i5-1135G7-i7-10510U-Business-Narrow-Bezel/dp/B0BW96STS5/ref=sr_1_89?dib=eyJ2IjoiMSJ9.BwtG6jHkEHB1EeW7dRMNUjaN6jMPOZy73mtlGjxoXC41veBFLq_C3p8YomvXD59O7OJa7nMzzYWVsezU-MDuhOz2oPj6FglDTvwYO3qqk_gP9NYFP_bf1Rr6W2moT-sz00Ilh8qkon9dfwaKQx8AwT5G6vzWsiewXLKVvhZauRdtj5gQeHCJOaBvjYh4vnWkC5E44wn6MTZfZpzFlSaU_fL5Kqwbxnynw6Vh0Rv4y_4.0xJO41ss5OYA1_Fd3LUIjJ3cRMcd2ZJURoCqHf0HZj8&dib_tag=se&keywords=gaming+laptops&qid=1723289902&sr=8-89,"HP 15 Pavilion Laptop (15.6"" FHD Anti-glare, Intel Core i5-1135G7 (Beats i7-10510U), 16GB RAM, 512GB SSD) Home & Business PC, Narrow-Bezel, 10-Hr Long Battery Life, Webcam, Numpad, Win 11 Home, Silver","HP 15 Pavilion Laptop (15.6"" FHD Anti-glare, Intel Core i5-1135G7 (Beats i7-10510U), 16GB RAM, 512GB SSD) Home & Business PC, Narrow-Bezel, 10-Hr Long Battery Life, Webcam, Numpad, Win 11 Home, Silver",4.0 out of 5 stars,2.4 GHz core_i5,16 GB DDR4,3200 MHz,512 GB SSD,Intel Iris Xe Graphics,4.00
https://www.amazon.com/MSI-Creator-Content-Creation-Laptop/dp/B0BT35NL8W/ref=sr_1_86?dib=eyJ2IjoiMSJ9.BwtG6jHkEHB1EeW7dRMNUjaN6jMPOZy73mtlGjxoXC41veBFLq_C3p8YomvXD59O7OJa7nMzzYWVsezU-MDuhOz2oPj6FglDTvwYO3qqk_gP9NYFP_bf1Rr6W2moT-sz00Ilh8qkon9dfwaKQx8AwT5G6vzWsiewXLKVvhZauRdtj5gQeHCJOaBvjYh4vnWkC5E44wn6MTZfZpzFlSaU_fL5Kqwbxnynw6Vh0Rv4y_4.0xJO41ss5OYA1_Fd3LUIjJ3cRMcd2ZJURoCqHf0HZj8&dib_tag=se&keywords=gaming+laptops&qid=1723289902&sr=8-86,"MSI Creator M16 16"" 60Hz QHD+ Content Creation Laptop: 13th Gen Intel Core i7, RTX 4060, 32GB DDR5, 1TB NVMe SSD, 180-Degree Lay-Flat, USB 3.2 Type C, HDMI, Win 11 Home: Black B13VF-453US","MSI Creator M16 16"" 60Hz QHD+ Content Creation Laptop: 13th Gen Intel Core i7, RTX 4060, 32GB DDR5, 1TB NVMe SSD, 180-Degree Lay-Flat, USB 3.2 Type C, HDMI, Win 11 Home: Black B13VF-453US",4.4 out of 5 stars, , , , , , 
https://www.amazon.com/SAMSUNG-Processor-Touchscreen-NP960XGK-KG1US-Moonstone/dp/B0CQ3VXJ3J/ref=sr_1_90?dib=eyJ2IjoiMSJ9.BwtG6jHkEHB1EeW7dRMNUjaN6jMPOZy73mtlGjxoXC41veBFLq_C3p8YomvXD59O7OJa7nMzzYWVsezU-MDuhOz2oPj6FglDTvwYO3qqk_gP9NYFP_bf1Rr6W2moT-sz00Ilh8qkon9dfwaKQx8AwT5G6vzWsiewXLKVvhZauRdtj5gQeHCJOaBvjYh4vnWkC5E44wn6MTZfZpzFlSaU_fL5Kqwbxnynw6Vh0Rv4y_4.0xJO41ss5OYA1_Fd3LUIjJ3cRMcd2ZJURoCqHf0HZj8&dib_tag=se&keywords=gaming+laptops&qid=1723289902&sr=8-90,"SAMSUNG 16"" Galaxy Book4 Pro Laptop PC Computer, Intel Core 7 Ultra Processor 1TB, 3K AMOLED (2880 x 1800) Touchscreen, Advanced Security, 2024 Model, NP960XGK-KG1US, Moonstone Gray","SAMSUNG 16"" Galaxy Book4 Pro Laptop PC Computer, Intel Core 7 Ultra Processor 1TB, 3K AMOLED (2880 x 1800) Touchscreen, Advanced Security, 2024 Model, NP960XGK-KG1US, Moonstone Gray",4.5 out of 5 stars,4 core_i7,16 LPDDR5, ,SSD, , 
https://www.amazon.com/Dell-Inspiron-Touchscreen-i7-1165G7-3535/dp/B0CDB9M4MR/ref=sr_1_93?dib=eyJ2IjoiMSJ9.BwtG6jHkEHB1EeW7dRMNUjaN6jMPOZy73mtlGjxoXC41veBFLq_C3p8YomvXD59O7OJa7nMzzYWVsezU-MDuhOz2oPj6FglDTvwYO3qqk_gP9NYFP_bf1Rr6W2moT-sz00Ilh8qkon9dfwaKQx8AwT5G6vzWsiewXLKVvhZauRdtj5gQeHCJOaBvjYh4vnWkC5E44wn6MTZfZpzFlSaU_fL5Kqwbxnynw6Vh0Rv4y_4.0xJO41ss5OYA1_Fd3LUIjJ3cRMcd2ZJURoCqHf0HZj8&dib_tag=se&keywords=gaming+laptops&qid=1723289902&sr=8-93,"Dell Inspiron 15 15.6"" Laptop (FHD Touchscreen, AMD Ryzen 5 7530U, 32GB RAM, 1TB PCIe SSD, (6-Core Beat i7-1165G7)) Numeric Keypad, Webcam, 2024 Inspiron 3000 3535, Win 11 Home, Carbon Black","Dell Inspiron 15 15.6"" Laptop (FHD Touchscreen, AMD Ryzen 5 7530U, 32GB RAM, 1TB PCIe SSD, (6-Core Beat i7-1165G7)) Numeric Keypad, Webcam, 2024 Inspiron 3000 3535, Win 11 Home, Carbon Black",4.3 out of 5 stars,2 GHz,32 GB,2 GHz,1 TB,32 GB,32 GB
https://www.amazon.com/Acer-Chromebook-Spin-R841T-R841T-S4ZG/dp/B08WPH5VXN/ref=sr_1_92?dib=eyJ2IjoiMSJ9.BwtG6jHkEHB1EeW7dRMNUjaN6jMPOZy73mtlGjxoXC41veBFLq_C3p8YomvXD59O7OJa7nMzzYWVsezU-MDuhOz2oPj6FglDTvwYO3qqk_gP9NYFP_bf1Rr6W2moT-sz00Ilh8qkon9dfwaKQx8AwT5G6vzWsiewXLKVvhZauRdtj5gQeHCJOaBvjYh4vnWkC5E44wn6MTZfZpzFlSaU_fL5Kqwbxnynw6Vh0Rv4y_4.0xJO41ss5OYA1_Fd3LUIjJ3cRMcd2ZJURoCqHf0HZj8&dib_tag=se&keywords=gaming+laptops&qid=1723289902&sr=8-92,"Acer Chromebook Spin 513 Convertible Laptop | Qualcomm Snapdragon 7c | 13.3"" FHD IPS Touch Corning Gorilla Glass Display | 4GB LPDDR4X | 64GB eMMC | WiFi 5 | Backlit KB | Chrome OS | R841T-S4ZG, Gray","Acer Chromebook Spin 513 Convertible Laptop | Qualcomm Snapdragon 7c | 13.3"" FHD IPS Touch Corning Gorilla Glass Display | 4GB LPDDR4X | 64GB eMMC | WiFi 5 | Backlit KB | Chrome OS | R841T-S4ZG, Gray",4.1 out of 5 stars,2.4 GHz Snapdragon,4 GB LPDDR4X,2400 MHz,64 GB Emmc,Qualcomm Snapdragon 7c, 
https://www.amazon.com/HP-Chromebook-Graphics-Keyboard-14a-na0226nr/dp/B09SVSBVP1/ref=sr_1_91?dib=eyJ2IjoiMSJ9.BwtG6jHkEHB1EeW7dRMNUjaN6jMPOZy73mtlGjxoXC41veBFLq_C3p8YomvXD59O7OJa7nMzzYWVsezU-MDuhOz2oPj6FglDTvwYO3qqk_gP9NYFP_bf1Rr6W2moT-sz00Ilh8qkon9dfwaKQx8AwT5G6vzWsiewXLKVvhZauRdtj5gQeHCJOaBvjYh4vnWkC5E44wn6MTZfZpzFlSaU_fL5Kqwbxnynw6Vh0Rv4y_4.0xJO41ss5OYA1_Fd3LUIjJ3cRMcd2ZJURoCqHf0HZj8&dib_tag=se&keywords=gaming+laptops&qid=1723289902&sr=8-91,"HP Chromebook 14 Laptop, Intel Celeron N4120, 4 GB RAM, 64 GB eMMC, 14"" HD Display, Chrome OS, Thin Design, 4K Graphics, Long Battery Life, Ash Gray Keyboard (14a-na0226nr, 2022, Mineral Silver)","HP Chromebook 14 Laptop, Intel Celeron N4120, 4 GB RAM, 64 GB eMMC, 14"" HD Display, Chrome OS, Thin Design, 4K Graphics, Long Battery Life, Ash Gray Keyboard (14a-na0226nr, 2022, Mineral Silver)",4.4 out of 5 stars, , , , , , 
https://www.amazon.com/HP-Chromebook-Processor-Graphics-Bluetooth/dp/B0C7MPZRF4/ref=sr_1_94?dib=eyJ2IjoiMSJ9.BwtG6jHkEHB1EeW7dRMNUjaN6jMPOZy73mtlGjxoXC41veBFLq_C3p8YomvXD59O7OJa7nMzzYWVsezU-MDuhOz2oPj6FglDTvwYO3qqk_gP9NYFP_bf1Rr6W2moT-sz00Ilh8qkon9dfwaKQx8AwT5G6vzWsiewXLKVvhZauRdtj5gQeHCJOaBvjYh4vnWkC5E44wn6MTZfZpzFlSaU_fL5Kqwbxnynw6Vh0Rv4y_4.0xJO41ss5OYA1_Fd3LUIjJ3cRMcd2ZJURoCqHf0HZj8&dib_tag=se&keywords=gaming+laptops&qid=1723289902&sr=8-94,"HP 2023 Newest Chromebook Laptop, 14 Inch Display, Intel Celeron N4120 Processor, 4GB RAM, 128GB Storage (64GB eMMC+64GB MSD Card), Intel UHD Graphics 600, WiFi, Bluetooth, Chrome OS, Modern Gray","HP 2023 Newest Chromebook Laptop, 14 Inch Display, Intel Celeron N4120 Processor, 4GB RAM, 128GB Storage (64GB eMMC+64GB MSD Card), Intel UHD Graphics 600, WiFi, Bluetooth, Chrome OS, Modern Gray",4.2 out of 5 stars,2.6 GHz celeron_n,4 DDR4, ,128 GB Emmc,Intel UHD Graphics 600,4 GB
https://www.amazon.com/Dell-Inspiron-3511-Touchscreen-i5-1035G1/dp/B0B336K7M5/ref=sr_1_98?dib=eyJ2IjoiMSJ9.BwtG6jHkEHB1EeW7dRMNUjaN6jMPOZy73mtlGjxoXC41veBFLq_C3p8YomvXD59O7OJa7nMzzYWVsezU-MDuhOz2oPj6FglDTvwYO3qqk_gP9NYFP_bf1Rr6W2moT-sz00Ilh8qkon9dfwaKQx8AwT5G6vzWsiewXLKVvhZauRdtj5gQeHCJOaBvjYh4vnWkC5E44wn6MTZfZpzFlSaU_fL5Kqwbxnynw6Vh0Rv4y_4.0xJO41ss5OYA1_Fd3LUIjJ3cRMcd2ZJURoCqHf0HZj8&dib_tag=se&keywords=gaming+laptops&qid=1723289902&sr=8-98,"Dell Newest Inspiron 15 3511 Laptop, 15.6"" FHD Touchscreen, Intel Core i5-1035G1, 32GB RAM, 1TB PCIe NVMe M.2 SSD, SD Card Reader, Webcam, HDMI, WiFi, Windows 11 Home, Black","Dell Newest Inspiron 15 3511 Laptop, 15.6"" FHD Touchscreen, Intel Core i5-1035G1, 32GB RAM, 1TB PCIe NVMe M.2 SSD, SD Card Reader, Webcam, HDMI, WiFi, Windows 11 Home, Black",4.0 out of 5 stars,1 GHz core_i5_family,32 GB DDR4,2666 MHz,1 TB SSD,Intel UHD Graphics,32 GB
https://www.amazon.com/HP-Diagonal-i5-1135G7-Processor-Bluetooth/dp/B09LM6SZKG/ref=sr_1_97?dib=eyJ2IjoiMSJ9.BwtG6jHkEHB1EeW7dRMNUjaN6jMPOZy73mtlGjxoXC41veBFLq_C3p8YomvXD59O7OJa7nMzzYWVsezU-MDuhOz2oPj6FglDTvwYO3qqk_gP9NYFP_bf1Rr6W2moT-sz00Ilh8qkon9dfwaKQx8AwT5G6vzWsiewXLKVvhZauRdtj5gQeHCJOaBvjYh4vnWkC5E44wn6MTZfZpzFlSaU_fL5Kqwbxnynw6Vh0Rv4y_4.0xJO41ss5OYA1_Fd3LUIjJ3cRMcd2ZJURoCqHf0HZj8&dib_tag=se&keywords=gaming+laptops&qid=1723289902&sr=8-97,"HP 15.6"" Diagonal Full HD (1920 x 1080) Laptop, 11th Gen Intel Core i5-1135G7 Processor, 8GB DDR4 RAM, 256GB SSD, 802.11ac, Bluetooth, HDMI, Windows 11","HP 15.6"" Diagonal Full HD (1920 x 1080) Laptop, 11th Gen Intel Core i5-1135G7 Processor, 8GB DDR4 RAM, 256GB SSD, 802.11ac, Bluetooth, HDMI, Windows 11",4.3 out of 5 stars,4.2 GHz core_i5,8 GB DDR4,2666 MHz,256 GB SSD,Intel Iris Xe Graphics,8 GB
https://www.amazon.com/ASUS-Processor-NumberPad-Microsoft-L210MA-DB01/dp/B08KSFL6VW/ref=sr_1_95?dib=eyJ2IjoiMSJ9.BwtG6jHkEHB1EeW7dRMNUjaN6jMPOZy73mtlGjxoXC41veBFLq_C3p8YomvXD59O7OJa7nMzzYWVsezU-MDuhOz2oPj6FglDTvwYO3qqk_gP9NYFP_bf1Rr6W2moT-sz00Ilh8qkon9dfwaKQx8AwT5G6vzWsiewXLKVvhZauRdtj5gQeHCJOaBvjYh4vnWkC5E44wn6MTZfZpzFlSaU_fL5Kqwbxnynw6Vh0Rv4y_4.0xJO41ss5OYA1_Fd3LUIjJ3cRMcd2ZJURoCqHf0HZj8&dib_tag=se&keywords=gaming+laptops&qid=1723289902&sr=8-95,ASUS Laptop L210 11.6 in Display Intel N4020 Processor 4GB RAM 64GB eMMC Chrome (Renewed),ASUS Laptop L210 11.6 in Display Intel N4020 Processor 4GB RAM 64GB eMMC Chrome (Renewed),3.7 out of 5 stars,2.8 GHz celeron,4 GB DDR4,2.8 GHz,64 GB Embedded MultiMediaCard,Intel UHD Graphics 600,4 GB
https://www.amazon.com/ASUS-ROG-Zephyrus-i7-13620H-Keyboard/dp/B0CTR3992K/ref=sr_1_99?dib=eyJ2IjoiMSJ9.rAqu1RwVbbU3tTs6PhpxgefmEMFe2Ob_KJVEc8K7Br3vBT4jexTFV7nzmi6hm9Lw_HoC07CQ7yjb664V6R-XbfyYS3qHfOYssjp8yPal_u6nAfJS3su0umC2eTELha5y1KgRPrnVT7DVgaZxMtug6yFd43DHiTqhUyqnFx5V8lsVLZZITMz-fCO0dceFc9Sd1V9nzg_LQ8g608HrcO60DkrQQzk5dyJJde_6dL5mwtA.BEPlx8ZaSXM5SOvPZdk9B_SdfeRWIsn9ttSLBkEOwLs&dib_tag=se&keywords=gaming+laptops&qid=1723289910&sr=8-99,"ASUS ROG Zephyrus G16 Gaming Laptop, 16"" FHD Display, Intel Core i7-13620H, 16 GB RAM, 512 GB SSD, NVIDIA GeForce RTX 4060, Backlit Keyboard, Windows 11 Home, Eclipse Gray","ASUS ROG Zephyrus G16 Gaming Laptop, 16"" FHD Display, Intel Core i7-13620H, 16 GB RAM, 512 GB SSD, NVIDIA GeForce RTX 4060, Backlit Keyboard, Windows 11 Home, Eclipse Gray",N/A,4.9 GHz apple_ci7,DDR4, ,512 GB SSD,Nvidia, 
https://www.amazon.com/acer-AN515-58-525P-i5-12500H-PC4-25600-Overclocked/dp/B0CW57LTTM/ref=sr_1_100?dib=eyJ2IjoiMSJ9.rAqu1RwVbbU3tTs6PhpxgefmEMFe2Ob_KJVEc8K7Br3vBT4jexTFV7nzmi6hm9Lw_HoC07CQ7yjb664V6R-XbfyYS3qHfOYssjp8yPal_u6nAfJS3su0umC2eTELha5y1KgRPrnVT7DVgaZxMtug6yFd43DHiTqhUyqnFx5V8lsVLZZITMz-fCO0dceFc9Sd1V9nzg_LQ8g608HrcO60DkrQQzk5dyJJde_6dL5mwtA.BEPlx8ZaSXM5SOvPZdk9B_SdfeRWIsn9ttSLBkEOwLs&dib_tag=se&keywords=gaming+laptops&qid=1723289910&sr=8-100,acer Nitro 5 AN515-58-525P Gaming Laptop |Core i5-12500H | NVIDIA GeForce RTX 3050 & PNY XLR8 Gaming 32GB (2x16GB) DDR4 DRAM 3200MHz (PC4-25600) CL20 1.2V Dual Channel Overclocked,acer Nitro 5 AN515-58-525P Gaming Laptop |Core i5-12500H | NVIDIA GeForce RTX 3050 & PNY XLR8 Gaming 32GB (2x16GB) DDR4 DRAM 3200MHz (PC4-25600) CL20 1.2V Dual Channel Overclocked,N/A,NVIDIA,DDR4, , ,NVIDIA GeForce RTX 3050, 
https://www.amazon.com/acer-AN515-58-525P-i5-12500H-GeForce-AN515-58-57Y8/dp/B0CXF85RSC/ref=sr_1_102?dib=eyJ2IjoiMSJ9.rAqu1RwVbbU3tTs6PhpxgefmEMFe2Ob_KJVEc8K7Br3vBT4jexTFV7nzmi6hm9Lw_HoC07CQ7yjb664V6R-XbfyYS3qHfOYssjp8yPal_u6nAfJS3su0umC2eTELha5y1KgRPrnVT7DVgaZxMtug6yFd43DHiTqhUyqnFx5V8lsVLZZITMz-fCO0dceFc9Sd1V9nzg_LQ8g608HrcO60DkrQQzk5dyJJde_6dL5mwtA.BEPlx8ZaSXM5SOvPZdk9B_SdfeRWIsn9ttSLBkEOwLs&dib_tag=se&keywords=gaming+laptops&qid=1723289910&sr=8-102,acer Nitro 5 AN515-58-525P Gaming Laptop |Core i5-12500H | NVIDIA GeForce RTX 3050 Laptop GPU & Nitro 5 AN515-58-57Y8 Gaming Laptop | Intel Core i5-12500H,acer Nitro 5 AN515-58-525P Gaming Laptop |Core i5-12500H | NVIDIA GeForce RTX 3050 Laptop GPU & Nitro 5 AN515-58-57Y8 Gaming Laptop | Intel Core i5-12500H,N/A,Intel,DDR4, , ,NVIDIA GeForce RTX 3050, 
https://www.amazon.com/acer-Gaming-i5-13420H-ANV15-51-51H9-Keyboard/dp/B0D3WGVG1K/ref=sr_1_103?dib=eyJ2IjoiMSJ9.rAqu1RwVbbU3tTs6PhpxgefmEMFe2Ob_KJVEc8K7Br3vBT4jexTFV7nzmi6hm9Lw_HoC07CQ7yjb664V6R-XbfyYS3qHfOYssjp8yPal_u6nAfJS3su0umC2eTELha5y1KgRPrnVT7DVgaZxMtug6yFd43DHiTqhUyqnFx5V8lsVLZZITMz-fCO0dceFc9Sd1V9nzg_LQ8g608HrcO60DkrQQzk5dyJJde_6dL5mwtA.BEPlx8ZaSXM5SOvPZdk9B_SdfeRWIsn9ttSLBkEOwLs&dib_tag=se&keywords=gaming+laptops&qid=1723289910&sr=8-103,"acer Nitro V Gaming Laptop | i5-13420H | RTX 4050 | 15.6"" FHD IPS 144Hz | 8GB DDR5 | 512GB Gen 4 SSD | WiFi 6 | ANV15-51-51H9 Nitro Gen 2 Wired Gaming Keyboard - Mechanical Axis & RGB","acer Nitro V Gaming Laptop | i5-13420H | RTX 4050 | 15.6"" FHD IPS 144Hz | 8GB DDR5 | 512GB Gen 4 SSD | WiFi 6 | ANV15-51-51H9 Nitro Gen 2 Wired Gaming Keyboard - Mechanical Axis & RGB",N/A,Intel,DDR5, , ,NVIDIA GeForce RTX 4050, 
https://www.amazon.com/Predator-AI-Powered-LPDDR5X-PHN14-51-90NF-Tri-Band/dp/B0D3WS1L62/ref=sr_1_104?dib=eyJ2IjoiMSJ9.rAqu1RwVbbU3tTs6PhpxgefmEMFe2Ob_KJVEc8K7Br3vBT4jexTFV7nzmi6hm9Lw_HoC07CQ7yjb664V6R-XbfyYS3qHfOYssjp8yPal_u6nAfJS3su0umC2eTELha5y1KgRPrnVT7DVgaZxMtug6yFd43DHiTqhUyqnFx5V8lsVLZZITMz-fCO0dceFc9Sd1V9nzg_LQ8g608HrcO60DkrQQzk5dyJJde_6dL5mwtA.BEPlx8ZaSXM5SOvPZdk9B_SdfeRWIsn9ttSLBkEOwLs&dib_tag=se&keywords=gaming+laptops&qid=1723289910&sr=8-104,"Acer Predator Helios Neo 14 Gaming Laptop| 14.5"" WQXGA+ | AI-Powered| Ultra 9 185H | RTX 4070 | 16GB LPDDR5X | 1TB SSD| PHN14-51-90NF with Predator Connect W6 Wi-Fi 6E Gaming Router | Tri-Band AXE7800","Acer Predator Helios Neo 14 Gaming Laptop| 14.5"" WQXGA+ | AI-Powered| Ultra 9 185H | RTX 4070 | 16GB LPDDR5X | 1TB SSD| PHN14-51-90NF with Predator Connect W6 Wi-Fi 6E Gaming Router | Tri-Band AXE7800",N/A,NVIDIA,LPDDR5X, , ,NVIDIA GeForce RTX 4070, 
https://www.amazon.com/acer-Gaming-Laptop-ANV15-41-R5N6-Ethernet/dp/B0D3WH6JK7/ref=sr_1_105?dib=eyJ2IjoiMSJ9.rAqu1RwVbbU3tTs6PhpxgefmEMFe2Ob_KJVEc8K7Br3vBT4jexTFV7nzmi6hm9Lw_HoC07CQ7yjb664V6R-XbfyYS3qHfOYssjp8yPal_u6nAfJS3su0umC2eTELha5y1KgRPrnVT7DVgaZxMtug6yFd43DHiTqhUyqnFx5V8lsVLZZITMz-fCO0dceFc9Sd1V9nzg_LQ8g608HrcO60DkrQQzk5dyJJde_6dL5mwtA.BEPlx8ZaSXM5SOvPZdk9B_SdfeRWIsn9ttSLBkEOwLs&dib_tag=se&keywords=gaming+laptops&qid=1723289910&sr=8-105,"acer Nitro V Gaming Laptop | Ryzen 5 7535HS | RTX 4050 | 15.6"" FHD IPS 144Hz | 8GB DDR5 | 512GB SSD | WiFi 6 | ANV15-41-R5N6 USB Type-C Gen 1 Dock, HDMI, DP, USB 3.1 Ports, Ethernet","acer Nitro V Gaming Laptop | Ryzen 5 7535HS | RTX 4050 | 15.6"" FHD IPS 144Hz | 8GB DDR5 | 512GB SSD | WiFi 6 | ANV15-41-R5N6 USB Type-C Gen 1 Dock, HDMI, DP, USB 3.1 Ports, Ethernet",N/A,AMD,DDR5, , ,NVIDIA GeForce RTX 4050, 
https://www.amazon.com/acer-AN16-41-R4CY-Predator-Connect-Tri-Band/dp/B0D3WM4TSD/ref=sr_1_107?dib=eyJ2IjoiMSJ9.rAqu1RwVbbU3tTs6PhpxgefmEMFe2Ob_KJVEc8K7Br3vBT4jexTFV7nzmi6hm9Lw_HoC07CQ7yjb664V6R-XbfyYS3qHfOYssjp8yPal_u6nAfJS3su0umC2eTELha5y1KgRPrnVT7DVgaZxMtug6yFd43DHiTqhUyqnFx5V8lsVLZZITMz-fCO0dceFc9Sd1V9nzg_LQ8g608HrcO60DkrQQzk5dyJJde_6dL5mwtA.BEPlx8ZaSXM5SOvPZdk9B_SdfeRWIsn9ttSLBkEOwLs&dib_tag=se&keywords=gaming+laptops&qid=1723289910&sr=8-107,"acer Nitro 16 Gaming Laptop | Ryzen 7 7840HS | RTX 4060 | 16"" WUXGA 165Hz IPS | 16GB DDR5 | 1TB Gen 4 SSD | WiFi 6E | AN16-41-R4CY with Predator Connect W6 Wi-Fi 6E Gaming Router | Tri-Band AXE7800","acer Nitro 16 Gaming Laptop | Ryzen 7 7840HS | RTX 4060 | 16"" WUXGA 165Hz IPS | 16GB DDR5 | 1TB Gen 4 SSD | WiFi 6E | AN16-41-R4CY with Predator Connect W6 Wi-Fi 6E Gaming Router | Tri-Band AXE7800",N/A,AMD,DDR5, , ,NVIDIA GeForce RTX 4060, 
https://www.amazon.com/acer-Predator-i7-13650HX-PHN16-71-76H5-Chromebook/dp/B0D3WKZ7VJ/ref=sr_1_108?dib=eyJ2IjoiMSJ9.rAqu1RwVbbU3tTs6PhpxgefmEMFe2Ob_KJVEc8K7Br3vBT4jexTFV7nzmi6hm9Lw_HoC07CQ7yjb664V6R-XbfyYS3qHfOYssjp8yPal_u6nAfJS3su0umC2eTELha5y1KgRPrnVT7DVgaZxMtug6yFd43DHiTqhUyqnFx5V8lsVLZZITMz-fCO0dceFc9Sd1V9nzg_LQ8g608HrcO60DkrQQzk5dyJJde_6dL5mwtA.BEPlx8ZaSXM5SOvPZdk9B_SdfeRWIsn9ttSLBkEOwLs&dib_tag=se&keywords=gaming+laptops&qid=1723289910&sr=8-108,"acer Predator Helios Neo 16 Gaming Laptop | i7-13650HX | RTX 4060 | 16"" WUXGA | 16GB DDR5 | 512GB SSD | Killer Wi-Fi 6E | PHN16-71-76H5 USB Type-C Dock D501, Works with Chromebook 60W PD","acer Predator Helios Neo 16 Gaming Laptop | i7-13650HX | RTX 4060 | 16"" WUXGA | 16GB DDR5 | 512GB SSD | Killer Wi-Fi 6E | PHN16-71-76H5 USB Type-C Dock D501, Works with Chromebook 60W PD",N/A,Intel,DDR5, , ,NVIDIA GeForce RTX 4060, 
https://www.amazon.com/HP-Touchscreen-i7-1260P-Backlit-Keyboard/dp/B0BKTN2VMB/ref=sr_1_109?dib=eyJ2IjoiMSJ9.rAqu1RwVbbU3tTs6PhpxgefmEMFe2Ob_KJVEc8K7Br3vBT4jexTFV7nzmi6hm9Lw_HoC07CQ7yjb664V6R-XbfyYS3qHfOYssjp8yPal_u6nAfJS3su0umC2eTELha5y1KgRPrnVT7DVgaZxMtug6yFd43DHiTqhUyqnFx5V8lsVLZZITMz-fCO0dceFc9Sd1V9nzg_LQ8g608HrcO60DkrQQzk5dyJJde_6dL5mwtA.BEPlx8ZaSXM5SOvPZdk9B_SdfeRWIsn9ttSLBkEOwLs&dib_tag=se&keywords=gaming+laptops&qid=1723289910&sr=8-109,"HP ENVY Laptop, 17.3"" Full HD Touchscreen, 12th Gen Intel Core i7-1260P, 16GB DDR4 RAM, 1TB PCIe SSD, IR Camera, HDMI, Backlit Keyboard, Wi-Fi 6, Windows 11 Home, Silver","HP ENVY Laptop, 17.3"" Full HD Touchscreen, 12th Gen Intel Core i7-1260P, 16GB DDR4 RAM, 1TB PCIe SSD, IR Camera, HDMI, Backlit Keyboard, Wi-Fi 6, Windows 11 Home, Silver",4.1 out of 5 stars,1.5 GHz core_i7_family,16 GB DDR4, ,1 TB SSD,Intel Iris Xe Graphics, 
https://www.amazon.com/acer-Predator-i7-13650HX-PHN16-71-76H5-Keyboard/dp/B0D3WSJS4J/ref=sr_1_113?dib=eyJ2IjoiMSJ9.rAqu1RwVbbU3tTs6PhpxgefmEMFe2Ob_KJVEc8K7Br3vBT4jexTFV7nzmi6hm9Lw_HoC07CQ7yjb664V6R-XbfyYS3qHfOYssjp8yPal_u6nAfJS3su0umC2eTELha5y1KgRPrnVT7DVgaZxMtug6yFd43DHiTqhUyqnFx5V8lsVLZZITMz-fCO0dceFc9Sd1V9nzg_LQ8g608HrcO60DkrQQzk5dyJJde_6dL5mwtA.BEPlx8ZaSXM5SOvPZdk9B_SdfeRWIsn9ttSLBkEOwLs&dib_tag=se&keywords=gaming+laptops&qid=1723289910&sr=8-113,"acer Predator Helios Neo 16 Gaming Laptop | i7-13650HX | RTX 4060 | 16"" WUXGA | 16GB DDR5 | 512GB SSD | Killer Wi-Fi 6E | PHN16-71-76H5 Predator Aethon 330 Gaming Keyboard | Kailh Blue","acer Predator Helios Neo 16 Gaming Laptop | i7-13650HX | RTX 4060 | 16"" WUXGA | 16GB DDR5 | 512GB SSD | Killer Wi-Fi 6E | PHN16-71-76H5 Predator Aethon 330 Gaming Keyboard | Kailh Blue",N/A,Intel,DDR5, , ,NVIDIA GeForce RTX 4060, 
https://www.amazon.com/acer-Gaming-i7-13620H-ANV15-51-73B9-Ethernet/dp/B0D3WKZFDR/ref=sr_1_112?dib=eyJ2IjoiMSJ9.rAqu1RwVbbU3tTs6PhpxgefmEMFe2Ob_KJVEc8K7Br3vBT4jexTFV7nzmi6hm9Lw_HoC07CQ7yjb664V6R-XbfyYS3qHfOYssjp8yPal_u6nAfJS3su0umC2eTELha5y1KgRPrnVT7DVgaZxMtug6yFd43DHiTqhUyqnFx5V8lsVLZZITMz-fCO0dceFc9Sd1V9nzg_LQ8g608HrcO60DkrQQzk5dyJJde_6dL5mwtA.BEPlx8ZaSXM5SOvPZdk9B_SdfeRWIsn9ttSLBkEOwLs&dib_tag=se&keywords=gaming+laptops&qid=1723289910&sr=8-112,"acer Nitro V Gaming Laptop | i7-13620H | RTX 4050 | 15.6"" FHD IPS 144Hz | 16GB DDR5 | 512GB Gen 4 SSD | WiFi 6 | ANV15-51-73B9 USB Type-C Gen 1 Dock, HDMI, DP, USB 3.1 Ports, Ethernet","acer Nitro V Gaming Laptop | i7-13620H | RTX 4050 | 15.6"" FHD IPS 144Hz | 16GB DDR5 | 512GB Gen 4 SSD | WiFi 6 | ANV15-51-73B9 USB Type-C Gen 1 Dock, HDMI, DP, USB 3.1 Ports, Ethernet",N/A,Intel,DDR5, , ,NVIDIA GeForce RTX 4050, 
https://www.amazon.com/Lenovo-Gaming-Laptop-GeForce-Bundle/dp/B0D7DSYK11/ref=sr_1_110?dib=eyJ2IjoiMSJ9.rAqu1RwVbbU3tTs6PhpxgefmEMFe2Ob_KJVEc8K7Br3vBT4jexTFV7nzmi6hm9Lw_HoC07CQ7yjb664V6R-XbfyYS3qHfOYssjp8yPal_u6nAfJS3su0umC2eTELha5y1KgRPrnVT7DVgaZxMtug6yFd43DHiTqhUyqnFx5V8lsVLZZITMz-fCO0dceFc9Sd1V9nzg_LQ8g608HrcO60DkrQQzk5dyJJde_6dL5mwtA.BEPlx8ZaSXM5SOvPZdk9B_SdfeRWIsn9ttSLBkEOwLs&dib_tag=se&keywords=gaming+laptops&qid=1723289910&sr=8-110,"Lenovo LOQ 15"" Gaming Laptop with GeForce RTX 4050 GPU, AMD Ryzen 7 CPU, 16GB RAM, 512GB SSD Bundle with 8-Port USB-C Slim Travel Dock","Lenovo LOQ 15"" Gaming Laptop with GeForce RTX 4050 GPU, AMD Ryzen 7 CPU, 16GB RAM, 512GB SSD Bundle with 8-Port USB-C Slim Travel Dock",N/A, , , , , , 
https://www.amazon.com/acer-Predator-AI-Powered-PHN14-51-797W-Keyboard/dp/B0D3WKZ17Y/ref=sr_1_114?dib=eyJ2IjoiMSJ9.rAqu1RwVbbU3tTs6PhpxgefmEMFe2Ob_KJVEc8K7Br3vBT4jexTFV7nzmi6hm9Lw_HoC07CQ7yjb664V6R-XbfyYS3qHfOYssjp8yPal_u6nAfJS3su0umC2eTELha5y1KgRPrnVT7DVgaZxMtug6yFd43DHiTqhUyqnFx5V8lsVLZZITMz-fCO0dceFc9Sd1V9nzg_LQ8g608HrcO60DkrQQzk5dyJJde_6dL5mwtA.BEPlx8ZaSXM5SOvPZdk9B_SdfeRWIsn9ttSLBkEOwLs&dib_tag=se&keywords=gaming+laptops&qid=1723289910&sr=8-114,"acer Predator Helios Neo 14 Gaming Laptop | 14.5"" WQXGA | AI-Powered | Ultra 7 155H | RTX 4060 | 16GB LPDDR5X | 1TB SSD | PHN14-51-797W Predator Aethon 330 Gaming Keyboard | Kailh Blue","acer Predator Helios Neo 14 Gaming Laptop | 14.5"" WQXGA | AI-Powered | Ultra 7 155H | RTX 4060 | 16GB LPDDR5X | 1TB SSD | PHN14-51-797W Predator Aethon 330 Gaming Keyboard | Kailh Blue",N/A,NVIDIA,LPDDR5X, , ,NVIDIA GeForce RTX 4060, 
https://www.amazon.com/acer-i7-14700HX-PHN18-71-77JT-Streaming-Microphone/dp/B0D3WV16F3/ref=sr_1_122?dib=eyJ2IjoiMSJ9.TPPqzK6ghsR7kiPJ9l17VJJMF3PRKWx3SgQbjgT-3fRmYJTmMsz7-hqgNgYRv6uWmsPwec46vTP1RjZh9EuHxYitFS9M6nG2RMc0YT2o3wWdA-6qGA7lIFnGhaEeHaBJURpbf1RZw74Esj91nLvgYL-J6cmqm9GP-cHeIuln2zxDgmZ47cEO3oNN9sLnGYZyb4vbH0ejRx-4g3oaFuCrEk07Ve-04ZuAxbnvad-Ml2c.00eknnsZnBnSBHsCQfrjLGOAL8CPPqrP0GzZbUTxoZw&dib_tag=se&keywords=gaming+laptops&qid=1723289915&sr=8-122,"acer Predator Helios Neo 18 Gaming Laptop | i7-14700HX | RTX 4070 | 18"" WQXGA | 16GB DDR5 | 1TB SSD | Killer Wi-Fi 6E | PHN18-71-77JT Full HD USB Streaming 2MP Webcam with Digital Microphone","acer Predator Helios Neo 18 Gaming Laptop | i7-14700HX | RTX 4070 | 18"" WQXGA | 16GB DDR5 | 1TB SSD | Killer Wi-Fi 6E | PHN18-71-77JT Full HD USB Streaming 2MP Webcam with Digital Microphone",N/A,Intel,DDR5, , ,NVIDIA GeForce RTX 4070, 
https://www.amazon.com/LG-Lightweight-Laptop-Platform-Windows/dp/B0BY3WCL4P/ref=sr_1_121?dib=eyJ2IjoiMSJ9.TPPqzK6ghsR7kiPJ9l17VJJMF3PRKWx3SgQbjgT-3fRmYJTmMsz7-hqgNgYRv6uWmsPwec46vTP1RjZh9EuHxYitFS9M6nG2RMc0YT2o3wWdA-6qGA7lIFnGhaEeHaBJURpbf1RZw74Esj91nLvgYL-J6cmqm9GP-cHeIuln2zxDgmZ47cEO3oNN9sLnGYZyb4vbH0ejRx-4g3oaFuCrEk07Ve-04ZuAxbnvad-Ml2c.00eknnsZnBnSBHsCQfrjLGOAL8CPPqrP0GzZbUTxoZw&dib_tag=se&keywords=gaming+laptops&qid=1723289915&sr=8-121,"LG gram 16” 2in1 Lightweight Laptop, Intel 13th Gen Core i7 Evo Platform, Windows 11 Home, 16GB RAM, 512GB SSD, Black","LG gram 16” 2in1 Lightweight Laptop, Intel 13th Gen Core i7 Evo Platform, Windows 11 Home, 16GB RAM, 512GB SSD, Black",4.0 out of 5 stars,1.6 core_i7,16 GB LPDDR5, ,512 GB SSD,Intel Iris, 
https://www.amazon.com/ASUS-ROG-Strix-G17-Accessories/dp/B09CGR51Q6/ref=sr_1_124?dib=eyJ2IjoiMSJ9.TPPqzK6ghsR7kiPJ9l17VJJMF3PRKWx3SgQbjgT-3fRmYJTmMsz7-hqgNgYRv6uWmsPwec46vTP1RjZh9EuHxYitFS9M6nG2RMc0YT2o3wWdA-6qGA7lIFnGhaEeHaBJURpbf1RZw74Esj91nLvgYL-J6cmqm9GP-cHeIuln2zxDgmZ47cEO3oNN9sLnGYZyb4vbH0ejRx-4g3oaFuCrEk07Ve-04ZuAxbnvad-Ml2c.00eknnsZnBnSBHsCQfrjLGOAL8CPPqrP0GzZbUTxoZw&dib_tag=se&keywords=gaming+laptops&qid=1723289915&sr=8-124,"ASUS ROG Strix G17 Gaming Laptop, 17.3"" 144 Hz FHD IPS, NVIDIA GeForce RTX 3060 GPU(130W), AMD Ryzen 9 5900HX Processor, RGB Keyboard, Windows 10, 64GB RAM | 4TB PCIe SSD + Accessories","ASUS ROG Strix G17 Gaming Laptop, 17.3"" 144 Hz FHD IPS, NVIDIA GeForce RTX 3060 GPU(130W), AMD Ryzen 9 5900HX Processor, RGB Keyboard, Windows 10, 64GB RAM | 4TB PCIe SSD + Accessories",5.0 out of 5 stars, ,64 GB DDR4,4.6 GHz, ,6 GB,6 GB
https://www.amazon.com/acer-i7-13650HX-PHN16-71-76H5-Streaming-Microphone/dp/B0D3WK99V5/ref=sr_1_123?dib=eyJ2IjoiMSJ9.TPPqzK6ghsR7kiPJ9l17VJJMF3PRKWx3SgQbjgT-3fRmYJTmMsz7-hqgNgYRv6uWmsPwec46vTP1RjZh9EuHxYitFS9M6nG2RMc0YT2o3wWdA-6qGA7lIFnGhaEeHaBJURpbf1RZw74Esj91nLvgYL-J6cmqm9GP-cHeIuln2zxDgmZ47cEO3oNN9sLnGYZyb4vbH0ejRx-4g3oaFuCrEk07Ve-04ZuAxbnvad-Ml2c.00eknnsZnBnSBHsCQfrjLGOAL8CPPqrP0GzZbUTxoZw&dib_tag=se&keywords=gaming+laptops&qid=1723289915&sr=8-123,"acer Predator Helios Neo 16 Gaming Laptop| i7-13650HX | RTX 4060 | 16"" WUXGA | 16GB DDR5 | 512GB SSD| Killer Wi-Fi 6E | PHN16-71-76H5 Full HD USB Streaming 2MP Webcam with Digital Microphone","acer Predator Helios Neo 16 Gaming Laptop| i7-13650HX | RTX 4060 | 16"" WUXGA | 16GB DDR5 | 512GB SSD| Killer Wi-Fi 6E | PHN16-71-76H5 Full HD USB Streaming 2MP Webcam with Digital Microphone",N/A,Intel,DDR5, , ,NVIDIA GeForce RTX 4060, 
https://www.amazon.com/acer-Gaming-Laptop-Capable-ANV16-41-R5J0/dp/B0D3WKX3CF/ref=mp_s_a_1_116?dib=eyJ2IjoiMSJ9.idEU1CDlLCzPGPiFVkQrEtuFB9HdyfjU5ydgD-LCW6A74WRiUMaEKD1I1oOkGcfSadrCosqBQ8k8FGP6o4E6h-jK1r8Wy2V__oHorhbuBNbOw7rMhUcLyUpPSDGhiYGkw3kUcZHoo2f8C2Xon7XWb0X-FQR5LVQvdCC27pfOA7SsI5SGFOSlf_ztSC-41hj2LioceG8jlJ0hYkaKxxArqg.8H3lv0BxNGJFOqf5UB9lkZFk0BiRmL1XlICiJdwf8bs&dib_tag=se&keywords=gaming+laptops&qid=1723289922&sr=8-116,N/A,"acer Nitro V Gaming Laptop| Ryzen 7 8845HS | AI Capable| RTX 4060 | 16"" WUXGA IPS 165Hz | 16GB DDR5 | 1TB SSD | Wi-Fi 6E| ANV16-41-R5J0 USB Type-C Gen 1 Dock, HDMI, DP, USB 3.1 Ports, RJ45",N/A, , , , , , 
https://www.amazon.com/Capable-ANV16-41-R5J0-Predator-Connect-AXE7800/dp/B0D3WJ3LWS/ref=mp_s_a_1_115?dib=eyJ2IjoiMSJ9.idEU1CDlLCzPGPiFVkQrEtuFB9HdyfjU5ydgD-LCW6A74WRiUMaEKD1I1oOkGcfSadrCosqBQ8k8FGP6o4E6h-jK1r8Wy2V__oHorhbuBNbOw7rMhUcLyUpPSDGhiYGkw3kUcZHoo2f8C2Xon7XWb0X-FQR5LVQvdCC27pfOA7SsI5SGFOSlf_ztSC-41hj2LioceG8jlJ0hYkaKxxArqg.8H3lv0BxNGJFOqf5UB9lkZFk0BiRmL1XlICiJdwf8bs&dib_tag=se&keywords=gaming+laptops&qid=1723289922&sr=8-115,N/A,"Acer Nitro V Gaming Laptop| Ryzen 7 8845HS | AI Capable| RTX 4060 | 16"" WUXGA IPS 165Hz | 16GB DDR5 | 1TB Gen 4 SSD | Wi-Fi 6E | ANV16-41-R5J0 with Predator Connect W6 Wi-Fi 6E Gaming Router | AXE7800",N/A, , , , , , 
